day;month;year;plot;subplot;species;individuals;Observers
23;4;2020;7;A1;LEMA;48;Oscar and Maria
30;4;2020;7;A1;MESU;56;Oscar and Maria
23;4;2020;7;A1;BEMA;12;Oscar and Maria
23;4;2020;7;A1;SPRU;20;Oscar and Maria
23;4;2020;7;A1;SCLA;8;Oscar and Maria
28;2;2020;7;A1;CHFU;4;Oscar and Maria
23;4;2020;7;A1;PAIN;33;Oscar and Maria
23;4;2020;7;A1;POMA;40;Oscar and Maria
23;4;2020;7;A1;POMO;1;Oscar and Maria
1;4;2020;7;A1;SOAS;4;Oscar and Maria
30;4;2020;7;A1;MEPO;2;Oscar and Maria
23;4;2020;7;A2;LEMA;35;Oscar and Maria
30;4;2020;7;A2;MESU;16;Oscar and Maria
23;4;2020;7;A2;BEMA;3;Oscar and Maria
23;4;2020;7;A2;SPRU;40;Oscar and Maria
23;4;2020;7;A2;SCLA;5;Oscar and Maria
23;4;2020;7;A2;HOMA;18;Oscar and Maria
28;2;2020;7;A2;CHFU;2;Oscar and Maria
23;4;2020;7;A2;PAIN;11;Oscar and Maria
23;4;2020;7;A2;POMA;36;Oscar and Maria
23;4;2020;7;A2;POMO;4;Oscar and Maria
30;4;2020;7;A2;MEPO;3;Oscar and Maria
23;4;2020;7;A3;LEMA;48;Oscar and Maria
30;4;2020;7;A3;MESU;17;Oscar and Maria
23;4;2020;7;A3;BEMA;2;Oscar and Maria
23;4;2020;7;A3;SPRU;115;Oscar and Maria
23;4;2020;7;A3;SCLA;3;Oscar and Maria
23;4;2020;7;A3;HOMA;86;Oscar and Maria
23;4;2020;7;A3;PAIN;36;Oscar and Maria
23;4;2020;7;A3;POMA;69;Oscar and Maria
23;4;2020;7;A3;POMO;2;Oscar and Maria
30;4;2020;7;A3;PLCO;2;Oscar and Maria
23;4;2020;7;A4;LEMA;52;Oscar and Maria
30;4;2020;7;A4;MESU;11;Oscar and Maria
23;4;2020;7;A4;BEMA;8;Oscar and Maria
23;4;2020;7;A4;SPRU;130;Oscar and Maria
23;4;2020;7;A4;SCLA;4;Oscar and Maria
23;4;2020;7;A4;HOMA;80;Oscar and Maria
30;4;2020;7;A4;CHMI;1;Oscar and Maria
23;4;2020;7;A4;PAIN;14;Oscar and Maria
23;4;2020;7;A4;POMA;26;Oscar and Maria
1;4;2020;7;A4;SOAS;2;Oscar and Maria
30;4;2020;7;A4;PLCO;4;Oscar and Maria
30;4;2020;7;A4;MEPO;1;Oscar and Maria
23;4;2020;7;A5;LEMA;50;Oscar and Maria
30;4;2020;7;A5;MESU;16;Oscar and Maria
23;4;2020;7;A5;BEMA;17;Oscar and Maria
23;4;2020;7;A5;SPRU;15;Oscar and Maria
23;4;2020;7;A5;SCLA;1;Oscar and Maria
23;4;2020;7;A5;HOMA;1;Oscar and Maria
28;2;2020;7;A5;CHFU;2;Oscar and Maria
23;4;2020;7;A5;PAIN;26;Oscar and Maria
23;4;2020;7;A5;POMA;30;Oscar and Maria
23;4;2020;7;A5;POMO;9;Oscar and Maria
1;4;2020;7;A5;SOAS;4;Oscar and Maria
30;4;2020;7;A5;MEPO;3;Oscar and Maria
23;4;2020;7;A6;LEMA;73;Oscar and Maria
30;4;2020;7;A6;MESU;28;Oscar and Maria
23;4;2020;7;A6;BEMA;17;Oscar and Maria
23;4;2020;7;A6;SPRU;21;Oscar and Maria
23;4;2020;7;A6;SCLA;4;Oscar and Maria
23;4;2020;7;A6;HOMA;4;Oscar and Maria
23;4;2020;7;A6;PAIN;6;Oscar and Maria
23;4;2020;7;A6;POMA;36;Oscar and Maria
1;4;2020;7;A6;SOAS;4;Oscar and Maria
30;4;2020;7;A6;MEPO;3;Oscar and Maria
23;4;2020;7;B1;LEMA;21;Oscar and Maria
30;4;2020;7;B1;MESU;24;Oscar and Maria
23;4;2020;7;B1;BEMA;5;Oscar and Maria
23;4;2020;7;B1;SPRU;32;Oscar and Maria
23;4;2020;7;B1;SCLA;4;Oscar and Maria
23;4;2020;7;B1;HOMA;7;Oscar and Maria
28;2;2020;7;B1;CHFU;3;Oscar and Maria
23;4;2020;7;B1;PAIN;3;Oscar and Maria
23;4;2020;7;B1;POMA;13;Oscar and Maria
23;4;2020;7;B1;POMO;6;Oscar and Maria
1;4;2020;7;B1;SOAS;2;Oscar and Maria
30;4;2020;7;B1;PLCO;6;Oscar and Maria
30;4;2020;7;B1;MEPO;6;Oscar and Maria
23;4;2020;7;B2;LEMA;28;Oscar and Maria
30;4;2020;7;B2;MESU;21;Oscar and Maria
23;4;2020;7;B2;BEMA;2;Oscar and Maria
23;4;2020;7;B2;SPRU;16;Oscar and Maria
23;4;2020;7;B2;SCLA;12;Oscar and Maria
23;4;2020;7;B2;PAIN;21;Oscar and Maria
23;4;2020;7;B2;POMA;7;Oscar and Maria
23;4;2020;7;B2;POMO;4;Oscar and Maria
30;4;2020;7;B2;MEPO;4;Oscar and Maria
23;4;2020;7;B4;LEMA;42;Oscar and Maria
30;4;2020;7;B4;MESU;14;Oscar and Maria
23;4;2020;7;B4;BEMA;12;Oscar and Maria
23;4;2020;7;B4;SPRU;4;Oscar and Maria
23;4;2020;7;B4;SCLA;3;Oscar and Maria
28;2;2020;7;B4;CHFU;20;Oscar and Maria
23;4;2020;7;B4;POMA;90;Oscar and Maria
23;4;2020;7;B4;POMO;36;Oscar and Maria
1;4;2020;7;B4;SOAS;5;Oscar and Maria
30;4;2020;7;B4;PLCO;6;Oscar and Maria
23;4;2020;7;B5;LEMA;7;Oscar and Maria
30;4;2020;7;B5;MESU;7;Oscar and Maria
23;4;2020;7;B5;BEMA;8;Oscar and Maria
28;2;2020;7;B5;CHFU;7;Oscar and Maria
23;4;2020;7;B5;PAIN;11;Oscar and Maria
23;4;2020;7;B5;POMA;120;Oscar and Maria
1;4;2020;7;B5;SOAS;3;Oscar and Maria
30;4;2020;7;B5;PLCO;68;Oscar and Maria
23;4;2020;7;B6;LEMA;12;Oscar and Maria
30;4;2020;7;B6;MESU;8;Oscar and Maria
23;4;2020;7;B6;BEMA;3;Oscar and Maria
23;4;2020;7;B6;SCLA;2;Oscar and Maria
28;2;2020;7;B6;CHFU;26;Oscar and Maria
23;4;2020;7;B6;POMA;63;Oscar and Maria
1;4;2020;7;B6;SOAS;6;Oscar and Maria
30;4;2020;7;B6;PLCO;26;Oscar and Maria
23;4;2020;7;B3;LEMA;20;Oscar and Maria
30;4;2020;7;B3;MESU;6;Oscar and Maria
23;4;2020;7;B3;BEMA;5;Oscar and Maria
23;4;2020;7;B3;SPRU;88;Oscar and Maria
23;4;2020;7;B3;SCLA;3;Oscar and Maria
23;4;2020;7;B3;HOMA;6;Oscar and Maria
23;4;2020;7;B3;PAIN;16;Oscar and Maria
23;4;2020;7;B3;POMA;17;Oscar and Maria
23;4;2020;7;B3;POMO;1;Oscar and Maria
30;4;2020;7;B3;MEPO;4;Oscar and Maria
23;4;2020;7;B4;LEMA;56;Oscar and Maria
30;4;2020;7;B4;MESU;8;Oscar and Maria
23;4;2020;7;B4;BEMA;28;Oscar and Maria
23;4;2020;7;B4;SPRU;33;Oscar and Maria
23;4;2020;7;B4;SCLA;5;Oscar and Maria
28;2;2020;7;B4;CHFU;1;Oscar and Maria
30;4;2020;7;B4;CHMI;2;Oscar and Maria
23;4;2020;7;B4;PAIN;10;Oscar and Maria
23;4;2020;7;B4;POMA;26;Oscar and Maria
23;4;2020;7;B4;POMO;1;Oscar and Maria
30;4;2020;7;B4;PLCO;2;Oscar and Maria
30;4;2020;7;B4;MEPO;4;Oscar and Maria
23;4;2020;7;B5;LEMA;20;Oscar and Maria
30;4;2020;7;B5;MESU;6;Oscar and Maria
23;4;2020;7;B5;BEMA;21;Oscar and Maria
23;4;2020;7;B5;SPRU;17;Oscar and Maria
23;4;2020;7;B5;SCLA;3;Oscar and Maria
28;2;2020;7;B5;CHFU;1;Oscar and Maria
23;4;2020;7;B5;PAIN;4;Oscar and Maria
23;4;2020;7;B5;POMA;24;Oscar and Maria
30;4;2020;7;B5;MEPO;6;Oscar and Maria
23;4;2020;7;B6;LEMA;50;Oscar and Maria
30;4;2020;7;B6;MESU;6;Oscar and Maria
23;4;2020;7;B6;BEMA;26;Oscar and Maria
23;4;2020;7;B6;SPRU;13;Oscar and Maria
23;4;2020;7;B6;SCLA;5;Oscar and Maria
23;4;2020;7;B6;HOMA;18;Oscar and Maria
28;2;2020;7;B6;CHFU;2;Oscar and Maria
30;4;2020;7;B6;CHMI;1;Oscar and Maria
23;4;2020;7;B6;PAIN;3;Oscar and Maria
23;4;2020;7;B6;POMA;3;Oscar and Maria
30;4;2020;7;B6;PLCO;2;Oscar and Maria
30;4;2020;7;B6;MEPO;2;Oscar and Maria
23;4;2020;7;C1;LEMA;28;Oscar and Maria
30;4;2020;7;C1;MESU;13;Oscar and Maria
23;4;2020;7;C1;BEMA;5;Oscar and Maria
23;4;2020;7;C1;SPRU;12;Oscar and Maria
23;4;2020;7;C1;SCLA;3;Oscar and Maria
23;4;2020;7;C1;HOMA;27;Oscar and Maria
28;2;2020;7;C1;CHFU;5;Oscar and Maria
23;4;2020;7;C1;PAIN;16;Oscar and Maria
23;4;2020;7;C1;POMA;14;Oscar and Maria
23;4;2020;7;C1;POMO;8;Oscar and Maria
30;4;2020;7;C1;PLCO;4;Oscar and Maria
30;4;2020;7;C1;MEPO;3;Oscar and Maria
23;4;2020;7;C2;LEMA;28;Oscar and Maria
30;4;2020;7;C2;MESU;26;Oscar and Maria
23;4;2020;7;C2;BEMA;4;Oscar and Maria
23;4;2020;7;C2;SPRU;26;Oscar and Maria
23;4;2020;7;C2;SCLA;2;Oscar and Maria
23;4;2020;7;C2;HOMA;22;Oscar and Maria
28;2;2020;7;C2;CHFU;7;Oscar and Maria
23;4;2020;7;C2;PAIN;13;Oscar and Maria
23;4;2020;7;C2;POMA;26;Oscar and Maria
23;4;2020;7;C2;POMO;6;Oscar and Maria
1;4;2020;7;C2;SOAS;1;Oscar and Maria
30;4;2020;7;C2;PLCO;2;Oscar and Maria
30;4;2020;7;C2;MEPO;4;Oscar and Maria
23;4;2020;7;C3;LEMA;24;Oscar and Maria
30;4;2020;7;C3;MESU;4;Oscar and Maria
23;4;2020;7;C3;BEMA;10;Oscar and Maria
23;4;2020;7;C3;SPRU;14;Oscar and Maria
23;4;2020;7;C3;HOMA;26;Oscar and Maria
28;2;2020;7;C3;CHFU;1;Oscar and Maria
23;4;2020;7;C3;PAIN;1;Oscar and Maria
23;4;2020;7;C3;POMA;8;Oscar and Maria
23;4;2020;7;C3;POMO;12;Oscar and Maria
1;4;2020;7;C3;SOAS;2;Oscar and Maria
30;4;2020;7;C3;PLCO;2;Oscar and Maria
30;4;2020;7;C3;MEPO;6;Oscar and Maria
23;4;2020;7;C4;LEMA;36;Oscar and Maria
30;4;2020;7;C4;MESU;3;Oscar and Maria
23;4;2020;7;C4;BEMA;11;Oscar and Maria
23;4;2020;7;C4;SPRU;23;Oscar and Maria
23;4;2020;7;C4;SCLA;5;Oscar and Maria
23;4;2020;7;C4;HOMA;10;Oscar and Maria
23;4;2020;7;C4;PAIN;23;Oscar and Maria
23;4;2020;7;C4;POMA;2;Oscar and Maria
23;4;2020;7;C4;POMO;12;Oscar and Maria
1;4;2020;7;C4;SOAS;1;Oscar and Maria
30;4;2020;7;C4;MEPO;5;Oscar and Maria
23;4;2020;7;C5;LEMA;48;Oscar and Maria
30;4;2020;7;C5;MESU;8;Oscar and Maria
23;4;2020;7;C5;BEMA;17;Oscar and Maria
23;4;2020;7;C5;SPRU;12;Oscar and Maria
23;4;2020;7;C5;SCLA;2;Oscar and Maria
23;4;2020;7;C5;PAIN;14;Oscar and Maria
23;4;2020;7;C5;POMA;5;Oscar and Maria
23;4;2020;7;C5;POMO;1;Oscar and Maria
23;4;2020;7;C6;LEMA;34;Oscar and Maria
30;4;2020;7;C6;MESU;10;Oscar and Maria
23;4;2020;7;C6;BEMA;19;Oscar and Maria
23;4;2020;7;C6;SPRU;13;Oscar and Maria
23;4;2020;7;C6;SCLA;7;Oscar and Maria
23;4;2020;7;C6;HOMA;9;Oscar and Maria
23;4;2020;7;C6;PAIN;NA;Oscar and Maria
23;4;2020;7;C6;POMA;8;Oscar and Maria
1;4;2020;7;C6;SOAS;4;Oscar and Maria
23;4;2020;7;D1;LEMA;30;Oscar and Maria
30;4;2020;7;D1;MESU;10;Oscar and Maria
23;4;2020;7;D1;BEMA;8;Oscar and Maria
23;4;2020;7;D1;SPRU;47;Oscar and Maria
23;4;2020;7;D1;SCLA;5;Oscar and Maria
23;4;2020;7;D1;HOMA;2;Oscar and Maria
28;2;2020;7;D1;CHFU;1;Oscar and Maria
23;4;2020;7;D1;PAIN;2;Oscar and Maria
23;4;2020;7;D1;POMA;10;Oscar and Maria
23;4;2020;7;D1;POMO;7;Oscar and Maria
1;4;2020;7;D1;SOAS;5;Oscar and Maria
30;4;2020;7;D1;PLCO;4;Oscar and Maria
30;4;2020;7;D1;MEPO;2;Oscar and Maria
23;4;2020;7;D2;LEMA;16;Oscar and Maria
30;4;2020;7;D2;MESU;14;Oscar and Maria
23;4;2020;7;D2;BEMA;5;Oscar and Maria
23;4;2020;7;D2;SPRU;16;Oscar and Maria
23;4;2020;7;D2;SCLA;6;Oscar and Maria
28;2;2020;7;D2;CHFU;6;Oscar and Maria
23;4;2020;7;D2;PAIN;6;Oscar and Maria
23;4;2020;7;D2;POMA;32;Oscar and Maria
23;4;2020;7;D2;POMO;7;Oscar and Maria
1;4;2020;7;D2;SOAS;2;Oscar and Maria
30;4;2020;7;D2;PLCO;18;Oscar and Maria
23;4;2020;7;D3;LEMA;40;Oscar and Maria
30;4;2020;7;D3;MESU;8;Oscar and Maria
23;4;2020;7;D3;BEMA;6;Oscar and Maria
23;4;2020;7;D3;SPRU;30;Oscar and Maria
23;4;2020;7;D3;PAIN;19;Oscar and Maria
23;4;2020;7;D3;POMA;32;Oscar and Maria
23;4;2020;7;D3;POMO;17;Oscar and Maria
30;4;2020;7;D3;PLCO;4;Oscar and Maria
30;4;2020;7;D3;MEPO;5;Oscar and Maria
23;4;2020;7;D4;LEMA;55;Oscar and Maria
30;4;2020;7;D4;MESU;12;Oscar and Maria
23;4;2020;7;D4;BEMA;6;Oscar and Maria
23;4;2020;7;D4;SPRU;30;Oscar and Maria
23;4;2020;7;D4;SCLA;45;Oscar and Maria
23;4;2020;7;D4;HOMA;44;Oscar and Maria
30;4;2020;7;D4;CHMI;1;Oscar and Maria
23;4;2020;7;D4;PAIN;12;Oscar and Maria
23;4;2020;7;D4;POMA;13;Oscar and Maria
23;4;2020;7;D4;POMO;5;Oscar and Maria
1;4;2020;7;D4;SOAS;2;Oscar and Maria
30;4;2020;7;D4;MEPO;4;Oscar and Maria
23;4;2020;7;D5;LEMA;72;Oscar and Maria
30;4;2020;7;D5;MESU;13;Oscar and Maria
23;4;2020;7;D5;BEMA;13;Oscar and Maria
23;4;2020;7;D5;SPRU;19;Oscar and Maria
23;4;2020;7;D5;SCLA;2;Oscar and Maria
23;4;2020;7;D5;HOMA;40;Oscar and Maria
30;4;2020;7;D5;CHMI;1;Oscar and Maria
23;4;2020;7;D5;PAIN;14;Oscar and Maria
23;4;2020;7;D5;POMA;1;Oscar and Maria
1;4;2020;7;D5;SOAS;3;Oscar and Maria
30;4;2020;7;D5;MEPO;2;Oscar and Maria
23;4;2020;7;D6;LEMA;40;Oscar and Maria
30;4;2020;7;D6;MESU;8;Oscar and Maria
23;4;2020;7;D6;BEMA;17;Oscar and Maria
23;4;2020;7;D6;SPRU;2;Oscar and Maria
23;4;2020;7;D6;SCLA;4;Oscar and Maria
23;4;2020;7;D6;PAIN;11;Oscar and Maria
23;4;2020;7;D6;POMA;10;Oscar and Maria
1;4;2020;7;D6;SOAS;2;Oscar and Maria
30;4;2020;7;D6;PLCO;18;Oscar and Maria
23;4;2020;7;E1;LEMA;6;Oscar and Maria
30;4;2020;7;E1;MESU;12;Oscar and Maria
23;4;2020;7;E1;BEMA;2;Oscar and Maria
23;4;2020;7;E1;SPRU;60;Oscar and Maria
23;4;2020;7;E1;SCLA;2;Oscar and Maria
23;4;2020;7;E1;HOMA;2;Oscar and Maria
28;2;2020;7;E1;CHFU;12;Oscar and Maria
23;4;2020;7;E1;PAIN;7;Oscar and Maria
23;4;2020;7;E1;POMA;80;Oscar and Maria
1;4;2020;7;E1;SOAS;2;Oscar and Maria
30;4;2020;7;E1;PLCO;1;Oscar and Maria
23;4;2020;7;E2;LEMA;32;Oscar and Maria
30;4;2020;7;E2;MESU;12;Oscar and Maria
23;4;2020;7;E2;BEMA;3;Oscar and Maria
23;4;2020;7;E2;SPRU;68;Oscar and Maria
23;4;2020;7;E2;SCLA;1;Oscar and Maria
23;4;2020;7;E2;HOMA;33;Oscar and Maria
28;2;2020;7;E2;CHFU;3;Oscar and Maria
23;4;2020;7;E2;POMA;45;Oscar and Maria
23;4;2020;7;E2;POMO;8;Oscar and Maria
1;4;2020;7;E2;SOAS;2;Oscar and Maria
23;4;2020;7;E3;LEMA;24;Oscar and Maria
30;4;2020;7;E3;MESU;14;Oscar and Maria
23;4;2020;7;E3;BEMA;4;Oscar and Maria
23;4;2020;7;E3;SPRU;14;Oscar and Maria
23;4;2020;7;E3;SCLA;3;Oscar and Maria
23;4;2020;7;E3;HOMA;1;Oscar and Maria
23;4;2020;7;E3;PAIN;4;Oscar and Maria
23;4;2020;7;E3;POMA;58;Oscar and Maria
23;4;2020;7;E3;POMO;4;Oscar and Maria
1;4;2020;7;E3;SOAS;2;Oscar and Maria
30;4;2020;7;E3;PLCO;3;Oscar and Maria
30;4;2020;7;E3;MEPO;4;Oscar and Maria
23;4;2020;7;E4;LEMA;52;Oscar and Maria
30;4;2020;7;E4;MESU;26;Oscar and Maria
23;4;2020;7;E4;BEMA;8;Oscar and Maria
23;4;2020;7;E4;SPRU;13;Oscar and Maria
23;4;2020;7;E4;SCLA;2;Oscar and Maria
23;4;2020;7;E4;HOMA;40;Oscar and Maria
13;2;2020;7;E4;RAPE;20;Oscar and Maria
28;2;2020;7;E4;CHFU;2;Oscar and Maria
23;4;2020;7;E4;PAIN;5;Oscar and Maria
23;4;2020;7;E4;POMA;15;Oscar and Maria
23;4;2020;7;E4;POMO;9;Oscar and Maria
30;4;2020;7;E4;MEPO;5;Oscar and Maria
23;4;2020;7;E5;LEMA;52;Oscar and Maria
30;4;2020;7;E5;MESU;62;Oscar and Maria
23;4;2020;7;E5;BEMA;6;Oscar and Maria
23;4;2020;7;E5;SPRU;24;Oscar and Maria
23;4;2020;7;E5;SCLA;2;Oscar and Maria
23;4;2020;7;E5;HOMA;19;Oscar and Maria
23;4;2020;7;E5;POMA;22;Oscar and Maria
23;4;2020;7;E5;POMO;14;Oscar and Maria
1;4;2020;7;E5;SOAS;3;Oscar and Maria
30;4;2020;7;E5;MEPO;5;Oscar and Maria
23;4;2020;7;E6;LEMA;16;Oscar and Maria
30;4;2020;7;E6;MESU;15;Oscar and Maria
23;4;2020;7;E6;BEMA;5;Oscar and Maria
23;4;2020;7;E6;SPRU;24;Oscar and Maria
23;4;2020;7;E6;SCLA;8;Oscar and Maria
23;4;2020;7;E6;HOMA;60;Oscar and Maria
23;4;2020;7;E6;PAIN;10;Oscar and Maria
23;4;2020;7;E6;POMA;40;Oscar and Maria
23;4;2020;7;E6;POMO;2;Oscar and Maria
1;4;2020;7;E6;SOAS;1;Oscar and Maria
23;4;2020;7;F1;LEMA;9;Oscar and Maria
30;4;2020;7;F1;MESU;22;Oscar and Maria
23;4;2020;7;F1;BEMA;1;Oscar and Maria
23;4;2020;7;F1;SPRU;60;Oscar and Maria
23;4;2020;7;F1;SCLA;4;Oscar and Maria
28;2;2020;7;F1;CHFU;2;Oscar and Maria
23;4;2020;7;F1;PAIN;9;Oscar and Maria
23;4;2020;7;F1;POMA;80;Oscar and Maria
23;4;2020;7;F1;POMO;2;Oscar and Maria
1;4;2020;7;F1;SOAS;3;Oscar and Maria
23;4;2020;7;F2;LEMA;14;Oscar and Maria
30;4;2020;7;F2;MESU;16;Oscar and Maria
23;4;2020;7;F2;SPRU;80;Oscar and Maria
23;4;2020;7;F2;SCLA;5;Oscar and Maria
28;2;2020;7;F2;CHFU;7;Oscar and Maria
23;4;2020;7;F2;PAIN;17;Oscar and Maria
23;4;2020;7;F2;POMA;50;Oscar and Maria
23;4;2020;7;F2;POMO;6;Oscar and Maria
1;4;2020;7;F2;SOAS;3;Oscar and Maria
30;4;2020;7;F2;PLCO;3;Oscar and Maria
30;4;2020;7;F2;MEPO;1;Oscar and Maria
23;4;2020;7;F3;LEMA;25;Oscar and Maria
30;4;2020;7;F3;MESU;27;Oscar and Maria
23;4;2020;7;F3;BEMA;6;Oscar and Maria
23;4;2020;7;F3;SPRU;40;Oscar and Maria
23;4;2020;7;F3;HOMA;12;Oscar and Maria
28;2;2020;7;F3;CHFU;2;Oscar and Maria
23;4;2020;7;F3;PAIN;5;Oscar and Maria
23;4;2020;7;F3;POMA;30;Oscar and Maria
23;4;2020;7;F3;POMO;6;Oscar and Maria
30;4;2020;7;F3;PLCO;11;Oscar and Maria
23;4;2020;7;F4;LEMA;45;Oscar and Maria
30;4;2020;7;F4;MESU;24;Oscar and Maria
23;4;2020;7;F4;BEMA;8;Oscar and Maria
23;4;2020;7;F4;SPRU;50;Oscar and Maria
23;4;2020;7;F4;HOMA;8;Oscar and Maria
23;4;2020;7;F4;POMA;41;Oscar and Maria
23;4;2020;7;F4;POMO;3;Oscar and Maria
1;4;2020;7;F4;SOAS;2;Oscar and Maria
30;4;2020;7;F4;PLCO;3;Oscar and Maria
23;4;2020;7;F5;LEMA;45;Oscar and Maria
30;4;2020;7;F5;MESU;34;Oscar and Maria
23;4;2020;7;F5;BEMA;5;Oscar and Maria
23;4;2020;7;F5;SPRU;6;Oscar and Maria
23;4;2020;7;F5;HOMA;32;Oscar and Maria
23;4;2020;7;F5;POMA;37;Oscar and Maria
23;4;2020;7;F5;POMO;3;Oscar and Maria
23;4;2020;7;F6;LEMA;38;Oscar and Maria
30;4;2020;7;F6;MESU;18;Oscar and Maria
23;4;2020;7;F6;BEMA;6;Oscar and Maria
23;4;2020;7;F6;SPRU;30;Oscar and Maria
23;4;2020;7;F6;SCLA;7;Oscar and Maria
23;4;2020;7;F6;POMA;180;Oscar and Maria
1;4;2020;7;F6;SOAS;3;Oscar and Maria
23;4;2020;8;A1;LEMA;16;Oscar and Maria
30;4;2020;8;A1;MESU;6;Oscar and Maria
23;4;2020;8;A1;BEMA;4;Oscar and Maria
23;4;2020;8;A1;SPRU;84;Oscar and Maria
23;4;2020;8;A1;HOMA;8;Oscar and Maria
28;2;2020;8;A1;CHFU;62;Oscar and Maria
23;4;2020;8;A1;PAIN;3;Oscar and Maria
23;4;2020;8;A1;POMA;28;Oscar and Maria
23;4;2020;8;A1;POMO;1;Oscar and Maria
1;4;2020;8;A1;SOAS;5;Oscar and Maria
30;4;2020;8;A1;PLCO;2;Oscar and Maria
23;4;2020;8;A2;LEMA;18;Oscar and Maria
30;4;2020;8;A2;MESU;12;Oscar and Maria
23;4;2020;8;A2;BEMA;9;Oscar and Maria
23;4;2020;8;A2;SPRU;14;Oscar and Maria
23;4;2020;8;A2;SCLA;24;Oscar and Maria
23;4;2020;8;A2;HOMA;13;Oscar and Maria
30;4;2020;8;A2;CHMI;8;Oscar and Maria
23;4;2020;8;A2;PAIN;8;Oscar and Maria
23;4;2020;8;A2;POMA;2;Oscar and Maria
23;4;2020;8;A2;POMO;2;Oscar and Maria
23;4;2020;8;A3;LEMA;20;Oscar and Maria
30;4;2020;8;A3;MESU;12;Oscar and Maria
23;4;2020;8;A3;BEMA;4;Oscar and Maria
23;4;2020;8;A3;SPRU;10;Oscar and Maria
23;4;2020;8;A3;SCLA;6;Oscar and Maria
28;2;2020;8;A3;CHFU;4;Oscar and Maria
30;4;2020;8;A3;CHMI;1;Oscar and Maria
23;4;2020;8;A3;POMA;80;Oscar and Maria
23;4;2020;8;A3;POMO;4;Oscar and Maria
1;4;2020;8;A3;SOAS;4;Oscar and Maria
30;4;2020;8;A3;PLCO;8;Oscar and Maria
23;4;2020;8;A4;LEMA;27;Oscar and Maria
30;4;2020;8;A4;MESU;3;Oscar and Maria
23;4;2020;8;A4;BEMA;7;Oscar and Maria
23;4;2020;8;A4;SCLA;1;Oscar and Maria
23;4;2020;8;A4;HOMA;20;Oscar and Maria
28;2;2020;8;A4;CHFU;16;Oscar and Maria
23;4;2020;8;A4;PAIN;5;Oscar and Maria
23;4;2020;8;A4;POMA;83;Oscar and Maria
23;4;2020;8;A4;POMO;4;Oscar and Maria
1;4;2020;8;A4;SOAS;6;Oscar and Maria
30;4;2020;8;A4;PLCO;12;Oscar and Maria
30;4;2020;8;A4;MEPO;4;Oscar and Maria
23;4;2020;8;A5;LEMA;16;Oscar and Maria
30;4;2020;8;A5;MESU;5;Oscar and Maria
23;4;2020;8;A5;BEMA;11;Oscar and Maria
23;4;2020;8;A5;HOMA;4;Oscar and Maria
28;2;2020;8;A5;CHFU;29;Oscar and Maria
23;4;2020;8;A5;PAIN;7;Oscar and Maria
23;4;2020;8;A5;POMA;100;Oscar and Maria
23;4;2020;8;A5;POMO;2;Oscar and Maria
1;4;2020;8;A5;SOAS;7;Oscar and Maria
30;4;2020;8;A5;PLCO;84;Oscar and Maria
23;4;2020;8;A6;LEMA;12;Oscar and Maria
30;4;2020;8;A6;MESU;12;Oscar and Maria
23;4;2020;8;A6;BEMA;10;Oscar and Maria
23;4;2020;8;A6;SPRU;7;Oscar and Maria
23;4;2020;8;A6;SCLA;1;Oscar and Maria
28;2;2020;8;A6;CHFU;21;Oscar and Maria
23;4;2020;8;A6;PAIN;6;Oscar and Maria
23;4;2020;8;A6;POMA;200;Oscar and Maria
23;4;2020;8;A6;POMO;1;Oscar and Maria
1;4;2020;8;A6;SOAS;4;Oscar and Maria
30;4;2020;8;A6;PLCO;66;Oscar and Maria
30;4;2020;8;A6;MEPO;3;Oscar and Maria
23;4;2020;8;B1;LEMA;25;Oscar and Maria
30;4;2020;8;B1;MESU;12;Oscar and Maria
23;4;2020;8;B1;BEMA;12;Oscar and Maria
23;4;2020;8;B1;SPRU;70;Oscar and Maria
23;4;2020;8;B1;HOMA;40;Oscar and Maria
28;2;2020;8;B1;CHFU;19;Oscar and Maria
30;4;2020;8;B1;CHMI;1;Oscar and Maria
23;4;2020;8;B1;PAIN;7;Oscar and Maria
23;4;2020;8;B1;POMA;2;Oscar and Maria
30;4;2020;8;B1;PLCO;12;Oscar and Maria
30;4;2020;8;B1;MEPO;1;Oscar and Maria
23;4;2020;8;B2;LEMA;40;Oscar and Maria
30;4;2020;8;B2;MESU;6;Oscar and Maria
23;4;2020;8;B2;BEMA;13;Oscar and Maria
23;4;2020;8;B2;SPRU;14;Oscar and Maria
23;4;2020;8;B2;SCLA;2;Oscar and Maria
23;4;2020;8;B2;HOMA;8;Oscar and Maria
28;2;2020;8;B2;CHFU;12;Oscar and Maria
23;4;2020;8;B2;POMA;80;Oscar and Maria
23;4;2020;8;B2;POMO;1;Oscar and Maria
1;4;2020;8;B2;SOAS;10;Oscar and Maria
30;4;2020;8;B2;PLCO;12;Oscar and Maria
23;4;2020;8;B3;LEMA;72;Oscar and Maria
30;4;2020;8;B3;MESU;28;Oscar and Maria
23;4;2020;8;B3;BEMA;8;Oscar and Maria
23;4;2020;8;B3;SCLA;4;Oscar and Maria
23;4;2020;8;B3;HOMA;7;Oscar and Maria
28;2;2020;8;B3;CHFU;4;Oscar and Maria
23;4;2020;8;B3;PAIN;6;Oscar and Maria
23;4;2020;8;B3;POMO;6;Oscar and Maria
30;4;2020;8;B3;MEPO;2;Oscar and Maria
24;4;2020;9;A1;BEMA;1;Oscar and Maria
24;4;2020;9;A1;LEMA;4;Oscar and Maria
24;4;2020;9;A1;SCLA;23;Oscar and Maria
1;4;2020;9;A1;SOAS;9;Oscar and Maria
24;4;2020;9;A2;BEMA;2;Oscar and Maria
24;4;2020;9;A2;LEMA;3;Oscar and Maria
30;4;2020;9;A2;CHMI;4;Oscar and Maria
28;2;2020;9;A2;CHFU;1;Oscar and Maria
24;4;2020;9;A2;SCLA;20;Oscar and Maria
1;4;2020;9;A2;SOAS;14;Oscar and Maria
24;4;2020;9;A3;LEMA;3;Oscar and Maria
28;2;2020;9;A3;CHFU;1;Oscar and Maria
24;4;2020;9;A3;SCLA;17;Oscar and Maria
1;4;2020;9;A3;SOAS;25;Oscar and Maria
24;4;2020;9;A4;LEMA;3;Oscar and Maria
24;4;2020;9;A4;SCLA;26;Oscar and Maria
1;4;2020;9;A4;SOAS;34;Oscar and Maria
24;4;2020;9;A5;BEMA;1;Oscar and Maria
24;4;2020;9;A5;LEMA;2;Oscar and Maria
24;4;2020;9;A5;SCLA;27;Oscar and Maria
1;4;2020;9;A5;SOAS;18;Oscar and Maria
24;4;2020;9;A6;BEMA;1;Oscar and Maria
24;4;2020;9;A6;LEMA;16;Oscar and Maria
30;4;2020;9;A6;CHMI;3;Oscar and Maria
28;2;2020;9;A6;CHFU;5;Oscar and Maria
24;4;2020;9;A6;SCLA;7;Oscar and Maria
1;4;2020;9;A6;SOAS;22;Oscar and Maria
24;4;2020;9;A6;POMO;4;Oscar and Maria
24;4;2020;9;A6;HOMA;5;Oscar and Maria
24;4;2020;9;B1;BEMA;4;Oscar and Maria
24;4;2020;9;B1;LEMA;9;Oscar and Maria
30;4;2020;9;B1;CHMI;1;Oscar and Maria
28;2;2020;9;B1;CHFU;14;Oscar and Maria
24;4;2020;9;B1;SCLA;21;Oscar and Maria
1;4;2020;9;B1;SOAS;17;Oscar and Maria
24;4;2020;9;B1;PAIN;3;Oscar and Maria
24;4;2020;9;B2;LEMA;10;Oscar and Maria
28;2;2020;9;B2;CHFU;4;Oscar and Maria
24;4;2020;9;B2;SCLA;27;Oscar and Maria
1;4;2020;9;B2;SOAS;7;Oscar and Maria
24;4;2020;9;B3;LEMA;6;Oscar and Maria
30;4;2020;9;B3;CHMI;2;Oscar and Maria
28;2;2020;9;B3;CHFU;1;Oscar and Maria
24;4;2020;9;B3;SCLA;16;Oscar and Maria
1;4;2020;9;B3;SOAS;19;Oscar and Maria
24;4;2020;9;B3;PAIN;2;Oscar and Maria
24;4;2020;9;B3;POMO;1;Oscar and Maria
24;4;2020;9;B4;LEMA;9;Oscar and Maria
30;4;2020;9;B4;CHMI;1;Oscar and Maria
28;2;2020;9;B4;CHFU;1;Oscar and Maria
24;4;2020;9;B4;SCLA;20;Oscar and Maria
1;4;2020;9;B4;SOAS;36;Oscar and Maria
24;4;2020;9;B4;POMO;2;Oscar and Maria
24;4;2020;9;B5;BEMA;3;Oscar and Maria
24;4;2020;9;B5;LEMA;1;Oscar and Maria
28;2;2020;9;B5;CHFU;2;Oscar and Maria
24;4;2020;9;B5;SCLA;22;Oscar and Maria
1;4;2020;9;B5;SOAS;22;Oscar and Maria
24;4;2020;9;B5;POMO;1;Oscar and Maria
24;4;2020;9;B6;BEMA;4;Oscar and Maria
24;4;2020;9;B6;LEMA;8;Oscar and Maria
28;2;2020;9;B6;CHFU;2;Oscar and Maria
24;4;2020;9;B6;SCLA;10;Oscar and Maria
1;4;2020;9;B6;SOAS;26;Oscar and Maria
24;4;2020;9;C1;BEMA;6;Oscar and Maria
24;4;2020;9;C1;LEMA;6;Oscar and Maria
30;4;2020;9;C1;CHMI;1;Oscar and Maria
28;2;2020;9;C1;CHFU;22;Oscar and Maria
24;4;2020;9;C1;SCLA;13;Oscar and Maria
1;4;2020;9;C1;SOAS;24;Oscar and Maria
24;4;2020;9;C1;POMO;5;Oscar and Maria
24;4;2020;9;C1;POMA;9;Oscar and Maria
24;4;2020;9;C1;HOMA;3;Oscar and Maria
24;4;2020;9;C2;BEMA;2;Oscar and Maria
24;4;2020;9;C2;LEMA;17;Oscar and Maria
28;2;2020;9;C2;CHFU;14;Oscar and Maria
24;4;2020;9;C2;SCLA;4;Oscar and Maria
1;4;2020;9;C2;SOAS;27;Oscar and Maria
24;4;2020;9;C2;POMO;2;Oscar and Maria
24;4;2020;9;C2;POMA;1;Oscar and Maria
24;4;2020;9;C2;HOMA;2;Oscar and Maria
24;4;2020;9;C3;BEMA;8;Oscar and Maria
24;4;2020;9;C3;LEMA;7;Oscar and Maria
30;4;2020;9;C3;CHMI;1;Oscar and Maria
28;2;2020;9;C3;CHFU;17;Oscar and Maria
24;4;2020;9;C3;SCLA;6;Oscar and Maria
1;4;2020;9;C3;SOAS;21;Oscar and Maria
24;4;2020;9;C3;HOMA;4;Oscar and Maria
24;4;2020;9;C4;BEMA;2;Oscar and Maria
24;4;2020;9;C4;LEMA;12;Oscar and Maria
30;4;2020;9;C4;CHMI;1;Oscar and Maria
28;2;2020;9;C4;CHFU;7;Oscar and Maria
24;4;2020;9;C4;SCLA;15;Oscar and Maria
1;4;2020;9;C4;SOAS;24;Oscar and Maria
24;4;2020;9;C4;POMO;3;Oscar and Maria
24;4;2020;9;C5;BEMA;2;Oscar and Maria
24;4;2020;9;C5;LEMA;10;Oscar and Maria
30;4;2020;9;C5;CHMI;2;Oscar and Maria
28;2;2020;9;C5;CHFU;5;Oscar and Maria
24;4;2020;9;C5;SCLA;19;Oscar and Maria
1;4;2020;9;C5;SOAS;30;Oscar and Maria
24;4;2020;9;C5;POMO;2;Oscar and Maria
24;4;2020;9;C6;BEMA;2;Oscar and Maria
24;4;2020;9;C6;LEMA;4;Oscar and Maria
24;4;2020;9;C6;SCLA;6;Oscar and Maria
1;4;2020;9;C6;SOAS;42;Oscar and Maria
24;4;2020;9;C6;POMO;9;Oscar and Maria
24;4;2020;9;D1;BEMA;6;Oscar and Maria
24;4;2020;9;D1;LEMA;15;Oscar and Maria
28;2;2020;9;D1;CHFU;11;Oscar and Maria
24;4;2020;9;D1;SCLA;2;Oscar and Maria
1;4;2020;9;D1;SOAS;12;Oscar and Maria
24;4;2020;9;D2;BEMA;10;Oscar and Maria
24;4;2020;9;D2;LEMA;9;Oscar and Maria
28;2;2020;9;D2;CHFU;19;Oscar and Maria
1;4;2020;9;D2;SOAS;13;Oscar and Maria
24;4;2020;9;D2;PAIN;3;Oscar and Maria
24;4;2020;9;D2;POMO;1;Oscar and Maria
24;4;2020;9;D2;HOMA;1;Oscar and Maria
24;4;2020;9;D3;BEMA;14;Oscar and Maria
24;4;2020;9;D3;LEMA;4;Oscar and Maria
30;4;2020;9;D3;CHMI;1;Oscar and Maria
28;2;2020;9;D3;CHFU;35;Oscar and Maria
1;4;2020;9;D3;SOAS;9;Oscar and Maria
24;4;2020;9;D3;POMO;2;Oscar and Maria
30;4;2020;9;D3;PLCO;1;Oscar and Maria
24;4;2020;9;D3;HOMA;3;Oscar and Maria
24;4;2020;9;D4;BEMA;1;Oscar and Maria
24;4;2020;9;D4;LEMA;13;Oscar and Maria
30;4;2020;9;D4;CHMI;2;Oscar and Maria
28;2;2020;9;D4;CHFU;20;Oscar and Maria
1;4;2020;9;D4;SOAS;14;Oscar and Maria
24;4;2020;9;D4;POMO;1;Oscar and Maria
24;4;2020;9;D4;HOMA;2;Oscar and Maria
30;4;2020;9;D4;MEPO;3;Oscar and Maria
24;4;2020;9;D5;BEMA;4;Oscar and Maria
24;4;2020;9;D5;LEMA;8;Oscar and Maria
28;2;2020;9;D5;CHFU;10;Oscar and Maria
24;4;2020;9;D5;SCLA;21;Oscar and Maria
1;4;2020;9;D5;SOAS;23;Oscar and Maria
24;4;2020;9;D5;POMO;4;Oscar and Maria
24;4;2020;9;D6;BEMA;2;Oscar and Maria
24;4;2020;9;D6;LEMA;7;Oscar and Maria
30;4;2020;9;D6;CHMI;2;Oscar and Maria
28;2;2020;9;D6;CHFU;10;Oscar and Maria
24;4;2020;9;D6;SCLA;18;Oscar and Maria
1;4;2020;9;D6;SOAS;9;Oscar and Maria
24;4;2020;9;D6;PAIN;2;Oscar and Maria
24;4;2020;9;D6;POMO;3;Oscar and Maria
24;4;2020;9;D6;POMA;32;Oscar and Maria
24;4;2020;9;E1;BEMA;13;Oscar and Maria
24;4;2020;9;E1;LEMA;7;Oscar and Maria
28;2;2020;9;E1;CHFU;36;Oscar and Maria
1;4;2020;9;E1;SOAS;18;Oscar and Maria
24;4;2020;9;E1;PAIN;1;Oscar and Maria
24;4;2020;9;E1;POMO;3;Oscar and Maria
24;4;2020;9;E1;POMA;20;Oscar and Maria
30;4;2020;9;E1;PLCO;4;Oscar and Maria
24;4;2020;9;E2;BEMA;4;Oscar and Maria
28;2;2020;9;E2;CHFU;4;Oscar and Maria
1;4;2020;9;E2;SOAS;3;Oscar and Maria
24;4;2020;9;E2;POMO;1;Oscar and Maria
24;4;2020;9;E2;POMA;15;Oscar and Maria
24;4;2020;9;E2;SPRU;35;Oscar and Maria
30;4;2020;9;E2;PLCO;3;Oscar and Maria
24;4;2020;9;E2;HOMA;23;Oscar and Maria
30;4;2020;9;E2;MESU;1;Oscar and Maria
24;4;2020;9;E3;BEMA;8;Oscar and Maria
24;4;2020;9;E3;LEMA;3;Oscar and Maria
28;2;2020;9;E3;CHFU;23;Oscar and Maria
1;4;2020;9;E3;SOAS;7;Oscar and Maria
24;4;2020;9;E3;PAIN;4;Oscar and Maria
24;4;2020;9;E3;POMA;12;Oscar and Maria
30;4;2020;9;E3;PLCO;4;Oscar and Maria
24;4;2020;9;E3;HOMA;7;Oscar and Maria
24;4;2020;9;E4;BEMA;9;Oscar and Maria
24;4;2020;9;E4;LEMA;7;Oscar and Maria
28;2;2020;9;E4;CHFU;17;Oscar and Maria
24;4;2020;9;E4;SCLA;1;Oscar and Maria
1;4;2020;9;E4;SOAS;17;Oscar and Maria
24;4;2020;9;E4;PAIN;4;Oscar and Maria
24;4;2020;9;E4;POMO;5;Oscar and Maria
24;4;2020;9;E4;POMA;5;Oscar and Maria
24;4;2020;9;E4;HOMA;12;Oscar and Maria
24;4;2020;9;E5;BEMA;8;Oscar and Maria
24;4;2020;9;E5;LEMA;3;Oscar and Maria
28;2;2020;9;E5;CHFU;13;Oscar and Maria
24;4;2020;9;E5;SCLA;4;Oscar and Maria
1;4;2020;9;E5;SOAS;30;Oscar and Maria
24;4;2020;9;E5;POMO;6;Oscar and Maria
24;4;2020;9;E5;POMA;2;Oscar and Maria
24;4;2020;9;E6;BEMA;2;Oscar and Maria
24;4;2020;9;E6;LEMA;14;Oscar and Maria
28;2;2020;9;E6;CHFU;8;Oscar and Maria
24;4;2020;9;E6;SCLA;14;Oscar and Maria
1;4;2020;9;E6;SOAS;18;Oscar and Maria
24;4;2020;9;E6;POMO;2;Oscar and Maria
24;4;2020;9;F1;BEMA;5;Oscar and Maria
24;4;2020;9;F1;LEMA;1;Oscar and Maria
28;2;2020;9;F1;CHFU;9;Oscar and Maria
24;4;2020;9;F1;POMO;1;Oscar and Maria
24;4;2020;9;F1;POMA;4;Oscar and Maria
24;4;2020;9;F1;SPRU;38;Oscar and Maria
30;4;2020;9;F1;PLCO;12;Oscar and Maria
24;4;2020;9;F1;HOMA;7;Oscar and Maria
24;4;2020;9;F2;BEMA;2;Oscar and Maria
28;2;2020;9;F2;CHFU;19;Oscar and Maria
1;4;2020;9;F2;SOAS;1;Oscar and Maria
24;4;2020;9;F2;SPRU;49;Oscar and Maria
30;4;2020;9;F2;PLCO;4;Oscar and Maria
24;4;2020;9;F2;HOMA;1;Oscar and Maria
24;4;2020;9;F3;BEMA;5;Oscar and Maria
28;2;2020;9;F3;CHFU;15;Oscar and Maria
1;4;2020;9;F3;SOAS;1;Oscar and Maria
24;4;2020;9;F3;PAIN;4;Oscar and Maria
24;4;2020;9;F3;SPRU;42;Oscar and Maria
30;4;2020;9;F3;PLCO;70;Oscar and Maria
24;4;2020;9;F3;HOMA;3;Oscar and Maria
24;4;2020;9;F4;BEMA;2;Oscar and Maria
28;2;2020;9;F4;CHFU;14;Oscar and Maria
1;4;2020;9;F4;SOAS;3;Oscar and Maria
24;4;2020;9;F4;SPRU;30;Oscar and Maria
30;4;2020;9;F4;PLCO;6;Oscar and Maria
24;4;2020;9;F4;HOMA;3;Oscar and Maria
24;4;2020;9;F5;BEMA;18;Oscar and Maria
28;2;2020;9;F5;CHFU;18;Oscar and Maria
1;4;2020;9;F5;SOAS;3;Oscar and Maria
24;4;2020;9;F5;SPRU;16;Oscar and Maria
30;4;2020;9;F5;PLCO;7;Oscar and Maria
24;4;2020;9;F5;HOMA;26;Oscar and Maria
24;4;2020;9;F6;BEMA;8;Oscar and Maria
24;4;2020;9;F6;LEMA;8;Oscar and Maria
28;2;2020;9;F6;CHFU;20;Oscar and Maria
24;4;2020;9;F6;SCLA;8;Oscar and Maria
1;4;2020;9;F6;SOAS;16;Oscar and Maria
24;4;2020;9;F6;PAIN;3;Oscar and Maria
24;4;2020;9;F6;POMO;1;Oscar and Maria
24;4;2020;9;F6;POMA;6;Oscar and Maria
30;4;2020;9;F6;PLCO;3;Oscar and Maria
24;4;2020;9;F6;HOMA;15;Oscar and Maria
24;4;2020;1;A1;LEMA;56;Oscar and Maria
24;4;2020;1;A1;BEMA;10;Oscar and Maria
24;4;2020;1;A1;HOMA;34;Oscar and Maria
1;4;2020;1;A1;SOAS;3;Oscar and Maria
24;4;2020;1;A2;LEMA;36;Oscar and Maria
24;4;2020;1;A2;BEMA;11;Oscar and Maria
24;4;2020;1;A2;HOMA;24;Oscar and Maria
1;4;2020;1;A2;SOAS;1;Oscar and Maria
24;4;2020;1;A3;LEMA;32;Oscar and Maria
24;4;2020;1;A3;BEMA;4;Oscar and Maria
24;4;2020;1;A3;HOMA;16;Oscar and Maria
1;4;2020;1;A3;SOAS;2;Oscar and Maria
28;2;2020;1;A3;CHFU;2;Oscar and Maria
24;4;2020;1;A4;LEMA;5;Oscar and Maria
24;4;2020;1;A4;BEMA;4;Oscar and Maria
1;4;2020;1;A4;SOAS;2;Oscar and Maria
30;4;2020;1;A4;PLCO;6;Oscar and Maria
24;4;2020;1;A5;LEMA;48;Oscar and Maria
24;4;2020;1;A5;BEMA;10;Oscar and Maria
24;4;2020;1;A6;LEMA;31;Oscar and Maria
24;4;2020;1;A6;BEMA;8;Oscar and Maria
1;4;2020;1;A6;SOAS;1;Oscar and Maria
24;4;2020;1;A6;SCLA;1;Oscar and Maria
30;4;2020;1;A6;PLCO;1;Oscar and Maria
24;4;2020;1;B1;LEMA;50;Oscar and Maria
24;4;2020;1;B1;BEMA;5;Oscar and Maria
24;4;2020;1;B1;HOMA;2;Oscar and Maria
28;2;2020;1;B1;CHFU;1;Oscar and Maria
24;4;2020;1;B2;LEMA;39;Oscar and Maria
24;4;2020;1;B2;BEMA;8;Oscar and Maria
24;4;2020;1;B2;HOMA;4;Oscar and Maria
1;4;2020;1;B2;SOAS;2;Oscar and Maria
24;4;2020;1;B3;LEMA;55;Oscar and Maria
24;4;2020;1;B3;BEMA;5;Oscar and Maria
1;4;2020;1;B3;SOAS;3;Oscar and Maria
24;4;2020;1;B4;LEMA;63;Oscar and Maria
24;4;2020;1;B4;BEMA;5;Oscar and Maria
1;4;2020;1;B4;SOAS;2;Oscar and Maria
28;2;2020;1;B4;CHFU;4;Oscar and Maria
24;4;2020;1;B5;LEMA;43;Oscar and Maria
24;4;2020;1;B5;BEMA;6;Oscar and Maria
24;4;2020;1;B6;LEMA;40;Oscar and Maria
24;4;2020;1;B6;BEMA;10;Oscar and Maria
1;4;2020;1;B6;SOAS;1;Oscar and Maria
24;4;2020;1;B6;SPRU;2;Oscar and Maria
24;4;2020;1;C1;LEMA;67;Oscar and Maria
24;4;2020;1;C1;BEMA;7;Oscar and Maria
24;4;2020;1;C1;HOMA;3;Oscar and Maria
28;2;2020;1;C1;CHFU;3;Oscar and Maria
30;4;2020;1;C1;CHMI;1;Oscar and Maria
24;4;2020;1;C2;LEMA;32;Oscar and Maria
24;4;2020;1;C2;BEMA;7;Oscar and Maria
24;4;2020;1;C2;HOMA;28;Oscar and Maria
28;2;2020;1;C2;CHFU;2;Oscar and Maria
24;4;2020;1;C3;LEMA;51;Oscar and Maria
24;4;2020;1;C3;BEMA;8;Oscar and Maria
28;2;2020;1;C3;CHFU;4;Oscar and Maria
24;4;2020;1;C4;LEMA;64;Oscar and Maria
24;4;2020;1;C4;BEMA;5;Oscar and Maria
28;2;2020;1;C4;CHFU;4;Oscar and Maria
24;4;2020;1;C5;LEMA;80;Oscar and Maria
24;4;2020;1;C5;BEMA;7;Oscar and Maria
1;4;2020;1;C5;SOAS;1;Oscar and Maria
28;2;2020;1;C5;CHFU;2;Oscar and Maria
24;4;2020;1;C6;LEMA;62;Oscar and Maria
24;4;2020;1;C6;BEMA;7;Oscar and Maria
28;2;2020;1;C6;CHFU;2;Oscar and Maria
30;4;2020;1;C6;PLCO;4;Oscar and Maria
24;4;2020;1;D1;LEMA;70;Oscar and Maria
24;4;2020;1;D1;BEMA;6;Oscar and Maria
24;4;2020;1;D1;HOMA;1;Oscar and Maria
28;2;2020;1;D1;CHFU;1;Oscar and Maria
24;4;2020;1;D2;LEMA;57;Oscar and Maria
24;4;2020;1;D2;BEMA;11;Oscar and Maria
24;4;2020;1;D2;SCLA;2;Oscar and Maria
28;2;2020;1;D2;CHFU;2;Oscar and Maria
24;4;2020;1;D3;LEMA;76;Oscar and Maria
24;4;2020;1;D3;BEMA;8;Oscar and Maria
1;4;2020;1;D3;SOAS;1;Oscar and Maria
28;2;2020;1;D3;CHFU;2;Oscar and Maria
24;4;2020;1;D4;LEMA;45;Oscar and Maria
24;4;2020;1;D4;BEMA;5;Oscar and Maria
24;4;2020;1;D5;LEMA;62;Oscar and Maria
24;4;2020;1;D5;BEMA;6;Oscar and Maria
24;4;2020;1;D5;HOMA;9;Oscar and Maria
1;4;2020;1;D5;SOAS;1;Oscar and Maria
28;2;2020;1;D5;CHFU;1;Oscar and Maria
24;4;2020;1;D6;LEMA;62;Oscar and Maria
24;4;2020;1;D6;BEMA;5;Oscar and Maria
24;4;2020;1;D6;HOMA;12;Oscar and Maria
24;4;2020;1;E1;LEMA;67;Oscar and Maria
24;4;2020;1;E1;BEMA;7;Oscar and Maria
24;4;2020;1;E1;HOMA;8;Oscar and Maria
1;4;2020;1;E1;SOAS;1;Oscar and Maria
24;4;2020;1;E1;SCLA;2;Oscar and Maria
24;4;2020;1;E2;LEMA;57;Oscar and Maria
24;4;2020;1;E2;BEMA;12;Oscar and Maria
1;4;2020;1;E2;SOAS;1;Oscar and Maria
24;4;2020;1;E3;LEMA;46;Oscar and Maria
24;4;2020;1;E3;BEMA;12;Oscar and Maria
24;4;2020;1;E3;HOMA;1;Oscar and Maria
1;4;2020;1;E3;SOAS;1;Oscar and Maria
24;4;2020;1;E4;LEMA;49;Oscar and Maria
24;4;2020;1;E4;BEMA;5;Oscar and Maria
24;4;2020;1;E4;HOMA;2;Oscar and Maria
24;4;2020;1;E5;LEMA;71;Oscar and Maria
24;4;2020;1;E5;BEMA;7;Oscar and Maria
24;4;2020;1;E5;HOMA;1;Oscar and Maria
24;4;2020;1;E6;LEMA;63;Oscar and Maria
24;4;2020;1;E6;BEMA;4;Oscar and Maria
24;4;2020;1;E6;HOMA;30;Oscar and Maria
24;4;2020;1;E6;SCLA;2;Oscar and Maria
24;4;2020;1;F1;LEMA;26;Oscar and Maria
24;4;2020;1;F1;BEMA;5;Oscar and Maria
24;4;2020;1;F1;HOMA;90;Oscar and Maria
1;4;2020;1;F1;SOAS;1;Oscar and Maria
30;4;2020;1;F1;CHMI;1;Oscar and Maria
24;4;2020;1;F2;LEMA;44;Oscar and Maria
24;4;2020;1;F2;BEMA;7;Oscar and Maria
24;4;2020;1;F2;HOMA;50;Oscar and Maria
24;4;2020;1;F3;LEMA;34;Oscar and Maria
24;4;2020;1;F3;BEMA;6;Oscar and Maria
24;4;2020;1;F3;HOMA;23;Oscar and Maria
28;2;2020;1;F3;CHFU;1;Oscar and Maria
24;4;2020;1;F4;LEMA;69;Oscar and Maria
24;4;2020;1;F4;BEMA;8;Oscar and Maria
24;4;2020;1;F4;HOMA;14;Oscar and Maria
24;4;2020;1;F5;LEMA;62;Oscar and Maria
24;4;2020;1;F5;BEMA;4;Oscar and Maria
24;4;2020;1;F5;HOMA;13;Oscar and Maria
28;2;2020;1;F5;CHFU;1;Oscar and Maria
24;4;2020;1;F6;LEMA;55;Oscar and Maria
24;4;2020;1;F6;BEMA;6;Oscar and Maria
24;4;2020;1;F6;HOMA;12;Oscar and Maria
1;4;2020;1;F6;SOAS;1;Oscar and Maria
24;4;2020;2;A1;BEMA;6;Oscar and Maria
24;4;2020;2;A1;LEMA;74;Oscar and Maria
24;4;2020;2;A1;HOMA;5;Oscar and Maria
24;4;2020;2;A1;SCLA;2;Oscar and Maria
30;4;2020;2;A1;PLCO;1;Oscar and Maria
24;4;2020;2;A2;BEMA;4;Oscar and Maria
24;4;2020;2;A2;LEMA;78;Oscar and Maria
28;2;2020;2;A2;CHFU;4;Oscar and Maria
30;4;2020;2;A2;PLCO;10;Oscar and Maria
24;4;2020;2;A3;BEMA;5;Oscar and Maria
24;4;2020;2;A3;LEMA;83;Oscar and Maria
24;4;2020;2;A3;HOMA;28;Oscar and Maria
1;4;2020;2;A3;SOAS;1;Oscar and Maria
24;4;2020;2;A3;SCLA;4;Oscar and Maria
28;2;2020;2;A3;CHFU;5;Oscar and Maria
24;4;2020;2;A4;BEMA;13;Oscar and Maria
24;4;2020;2;A4;LEMA;100;Oscar and Maria
24;4;2020;2;A4;HOMA;1;Oscar and Maria
24;4;2020;2;A4;SCLA;1;Oscar and Maria
30;4;2020;2;A4;PLCO;1;Oscar and Maria
24;4;2020;2;A5;BEMA;9;Oscar and Maria
24;4;2020;2;A5;LEMA;92;Oscar and Maria
24;4;2020;2;A5;HOMA;11;Oscar and Maria
24;4;2020;2;A6;BEMA;6;Oscar and Maria
24;4;2020;2;A6;LEMA;115;Oscar and Maria
24;4;2020;2;A6;HOMA;16;Oscar and Maria
24;4;2020;2;A6;SCLA;15;Oscar and Maria
24;4;2020;2;B1;BEMA;7;Oscar and Maria
24;4;2020;2;B1;LEMA;80;Oscar and Maria
24;4;2020;2;B1;HOMA;9;Oscar and Maria
24;4;2020;2;B1;SCLA;1;Oscar and Maria
28;2;2020;2;B1;CHFU;2;Oscar and Maria
30;4;2020;2;B1;PLCO;1;Oscar and Maria
24;4;2020;2;B2;BEMA;4;Oscar and Maria
24;4;2020;2;B2;LEMA;74;Oscar and Maria
24;4;2020;2;B2;HOMA;4;Oscar and Maria
1;4;2020;2;B2;SOAS;1;Oscar and Maria
24;4;2020;2;B2;SCLA;1;Oscar and Maria
28;2;2020;2;B2;CHFU;4;Oscar and Maria
24;4;2020;2;B3;BEMA;5;Oscar and Maria
24;4;2020;2;B3;LEMA;65;Oscar and Maria
1;4;2020;2;B3;SOAS;1;Oscar and Maria
24;4;2020;2;B4;BEMA;12;Oscar and Maria
24;4;2020;2;B4;LEMA;93;Oscar and Maria
24;4;2020;2;B4;SCLA;2;Oscar and Maria
24;4;2020;2;B5;BEMA;7;Oscar and Maria
24;4;2020;2;B5;LEMA;80;Oscar and Maria
24;4;2020;2;B5;HOMA;8;Oscar and Maria
1;4;2020;2;B5;SOAS;1;Oscar and Maria
24;4;2020;2;B5;SCLA;1;Oscar and Maria
30;4;2020;2;B5;PLCO;2;Oscar and Maria
24;4;2020;2;B6;BEMA;6;Oscar and Maria
24;4;2020;2;B6;LEMA;75;Oscar and Maria
24;4;2020;2;B6;HOMA;12;Oscar and Maria
1;4;2020;2;B6;SOAS;3;Oscar and Maria
24;4;2020;2;B6;SCLA;3;Oscar and Maria
24;4;2020;2;C1;BEMA;7;Oscar and Maria
24;4;2020;2;C1;LEMA;44;Oscar and Maria
24;4;2020;2;C1;HOMA;1;Oscar and Maria
24;4;2020;2;C1;SCLA;1;Oscar and Maria
28;2;2020;2;C1;CHFU;12;Oscar and Maria
24;4;2020;2;C2;BEMA;9;Oscar and Maria
24;4;2020;2;C2;LEMA;55;Oscar and Maria
24;4;2020;2;C2;HOMA;2;Oscar and Maria
24;4;2020;2;C2;SCLA;2;Oscar and Maria
28;2;2020;2;C2;CHFU;7;Oscar and Maria
30;4;2020;2;C2;PLCO;6;Oscar and Maria
24;4;2020;2;C3;BEMA;7;Oscar and Maria
24;4;2020;2;C3;LEMA;50;Oscar and Maria
24;4;2020;2;C3;HOMA;2;Oscar and Maria
1;4;2020;2;C3;SOAS;1;Oscar and Maria
24;4;2020;2;C3;SCLA;2;Oscar and Maria
28;2;2020;2;C3;CHFU;4;Oscar and Maria
24;4;2020;2;C4;BEMA;10;Oscar and Maria
24;4;2020;2;C4;LEMA;114;Oscar and Maria
24;4;2020;2;C4;SCLA;1;Oscar and Maria
24;4;2020;2;C5;BEMA;15;Oscar and Maria
24;4;2020;2;C5;LEMA;125;Oscar and Maria
24;4;2020;2;C5;HOMA;7;Oscar and Maria
24;4;2020;2;C5;SCLA;1;Oscar and Maria
24;4;2020;2;C6;BEMA;6;Oscar and Maria
24;4;2020;2;C6;LEMA;80;Oscar and Maria
24;4;2020;2;C6;HOMA;14;Oscar and Maria
24;4;2020;2;C6;SCLA;8;Oscar and Maria
30;4;2020;2;C6;PLCO;15;Oscar and Maria
24;4;2020;2;D1;BEMA;14;Oscar and Maria
24;4;2020;2;D1;LEMA;114;Oscar and Maria
24;4;2020;2;D1;HOMA;4;Oscar and Maria
1;4;2020;2;D1;SOAS;2;Oscar and Maria
24;4;2020;2;D1;SCLA;3;Oscar and Maria
30;4;2020;2;D1;CHMI;1;Oscar and Maria
24;4;2020;2;D2;BEMA;16;Oscar and Maria
24;4;2020;2;D2;LEMA;53;Oscar and Maria
1;4;2020;2;D2;SOAS;4;Oscar and Maria
24;4;2020;2;D2;SCLA;4;Oscar and Maria
30;4;2020;2;D2;PLCO;6;Oscar and Maria
24;4;2020;2;D3;BEMA;12;Oscar and Maria
24;4;2020;2;D3;LEMA;47;Oscar and Maria
24;4;2020;2;D3;HOMA;2;Oscar and Maria
1;4;2020;2;D3;SOAS;1;Oscar and Maria
24;4;2020;2;D3;SCLA;5;Oscar and Maria
28;2;2020;2;D3;CHFU;2;Oscar and Maria
30;4;2020;2;D3;PLCO;1;Oscar and Maria
24;4;2020;2;D4;BEMA;10;Oscar and Maria
24;4;2020;2;D4;LEMA;53;Oscar and Maria
24;4;2020;2;D4;HOMA;1;Oscar and Maria
1;4;2020;2;D4;SOAS;2;Oscar and Maria
24;4;2020;2;D5;BEMA;21;Oscar and Maria
24;4;2020;2;D5;LEMA;53;Oscar and Maria
24;4;2020;2;D5;HOMA;1;Oscar and Maria
24;4;2020;2;D5;SCLA;6;Oscar and Maria
24;4;2020;2;D6;BEMA;8;Oscar and Maria
24;4;2020;2;D6;LEMA;95;Oscar and Maria
24;4;2020;2;D6;HOMA;20;Oscar and Maria
24;4;2020;2;D6;SCLA;2;Oscar and Maria
30;4;2020;2;D6;PLCO;10;Oscar and Maria
24;4;2020;2;E1;BEMA;20;Oscar and Maria
24;4;2020;2;E1;LEMA;84;Oscar and Maria
24;4;2020;2;E1;SCLA;4;Oscar and Maria
24;4;2020;2;E2;BEMA;9;Oscar and Maria
24;4;2020;2;E2;LEMA;61;Oscar and Maria
24;4;2020;2;E2;SCLA;1;Oscar and Maria
24;4;2020;2;E3;BEMA;10;Oscar and Maria
24;4;2020;2;E3;LEMA;46;Oscar and Maria
1;4;2020;2;E3;SOAS;10;Oscar and Maria
24;4;2020;2;E4;BEMA;10;Oscar and Maria
24;4;2020;2;E4;LEMA;77;Oscar and Maria
1;4;2020;2;E4;SOAS;9;Oscar and Maria
24;4;2020;2;E4;SCLA;1;Oscar and Maria
28;2;2020;2;E4;CHFU;2;Oscar and Maria
24;4;2020;2;E5;BEMA;10;Oscar and Maria
24;4;2020;2;E5;LEMA;41;Oscar and Maria
1;4;2020;2;E5;SOAS;5;Oscar and Maria
24;4;2020;2;E5;SCLA;9;Oscar and Maria
24;4;2020;2;E6;BEMA;8;Oscar and Maria
24;4;2020;2;E6;LEMA;83;Oscar and Maria
24;4;2020;2;E6;HOMA;12;Oscar and Maria
1;4;2020;2;E6;SOAS;3;Oscar and Maria
24;4;2020;2;E6;SCLA;1;Oscar and Maria
24;4;2020;2;F1;BEMA;11;Oscar and Maria
24;4;2020;2;F1;LEMA;62;Oscar and Maria
24;4;2020;2;F1;SCLA;1;Oscar and Maria
24;4;2020;2;F2;BEMA;5;Oscar and Maria
24;4;2020;2;F2;LEMA;48;Oscar and Maria
1;4;2020;2;F2;SOAS;2;Oscar and Maria
24;4;2020;2;F3;BEMA;5;Oscar and Maria
24;4;2020;2;F3;LEMA;88;Oscar and Maria
1;4;2020;2;F3;SOAS;1;Oscar and Maria
24;4;2020;2;F3;SCLA;2;Oscar and Maria
30;4;2020;2;F3;PLCO;2;Oscar and Maria
24;4;2020;2;F4;BEMA;4;Oscar and Maria
24;4;2020;2;F4;LEMA;67;Oscar and Maria
1;4;2020;2;F4;SOAS;8;Oscar and Maria
24;4;2020;2;F4;SCLA;4;Oscar and Maria
30;4;2020;2;F4;PLCO;2;Oscar and Maria
24;4;2020;2;F5;BEMA;30;Oscar and Maria
24;4;2020;2;F5;LEMA;150;Oscar and Maria
1;4;2020;2;F5;SOAS;1;Oscar and Maria
24;4;2020;2;F5;SCLA;7;Oscar and Maria
30;4;2020;2;F5;CHMI;10;Oscar and Maria
24;4;2020;2;F6;BEMA;9;Oscar and Maria
24;4;2020;2;F6;LEMA;132;Oscar and Maria
24;4;2020;2;F6;SCLA;6;Oscar and Maria
24;4;2020;3;A1;LEMA;6;Oscar and Maria
24;4;2020;3;A1;HOMA;260;Oscar and Maria
24;4;2020;3;A2;LEMA;7;Oscar and Maria
24;4;2020;3;A2;HOMA;283;Oscar and Maria
28;2;2020;3;A2;CHFU;1;Oscar and Maria
24;4;2020;3;A3;LEMA;18;Oscar and Maria
24;4;2020;3;A3;BEMA;6;Oscar and Maria
24;4;2020;3;A3;HOMA;147;Oscar and Maria
24;4;2020;3;A3;SCLA;2;Oscar and Maria
28;2;2020;3;A3;CHFU;3;Oscar and Maria
30;4;2020;3;A3;CHMI;4;Oscar and Maria
24;4;2020;3;A4;LEMA;36;Oscar and Maria
24;4;2020;3;A4;BEMA;4;Oscar and Maria
24;4;2020;3;A4;HOMA;110;Oscar and Maria
30;4;2020;3;A4;CHMI;14;Oscar and Maria
24;4;2020;3;A5;LEMA;13;Oscar and Maria
24;4;2020;3;A5;BEMA;3;Oscar and Maria
24;4;2020;3;A5;HOMA;98;Oscar and Maria
1;4;2020;3;A5;SOAS;1;Oscar and Maria
24;4;2020;3;A5;SCLA;5;Oscar and Maria
30;4;2020;3;A5;CHMI;8;Oscar and Maria
24;4;2020;3;A6;LEMA;10;Oscar and Maria
24;4;2020;3;A6;HOMA;114;Oscar and Maria
28;2;2020;3;A6;CHFU;1;Oscar and Maria
24;4;2020;3;B1;LEMA;4;Oscar and Maria
24;4;2020;3;B1;HOMA;246;Oscar and Maria
30;4;2020;3;B1;CHMI;3;Oscar and Maria
24;4;2020;3;B2;LEMA;8;Oscar and Maria
24;4;2020;3;B2;BEMA;2;Oscar and Maria
24;4;2020;3;B2;HOMA;183;Oscar and Maria
24;4;2020;3;B2;SCLA;2;Oscar and Maria
30;4;2020;3;B2;CHMI;8;Oscar and Maria
24;4;2020;3;B3;LEMA;10;Oscar and Maria
24;4;2020;3;B3;BEMA;2;Oscar and Maria
24;4;2020;3;B3;HOMA;144;Oscar and Maria
30;4;2020;3;B3;CHMI;2;Oscar and Maria
24;4;2020;3;B4;LEMA;18;Oscar and Maria
24;4;2020;3;B4;BEMA;1;Oscar and Maria
24;4;2020;3;B4;HOMA;140;Oscar and Maria
24;4;2020;3;B4;SCLA;4;Oscar and Maria
28;2;2020;3;B4;CHFU;3;Oscar and Maria
30;4;2020;3;B4;CHMI;1;Oscar and Maria
24;4;2020;3;B5;LEMA;28;Oscar and Maria
24;4;2020;3;B5;BEMA;2;Oscar and Maria
24;4;2020;3;B5;HOMA;196;Oscar and Maria
24;4;2020;3;B5;SCLA;2;Oscar and Maria
28;2;2020;3;B5;CHFU;2;Oscar and Maria
24;4;2020;3;B6;LEMA;36;Oscar and Maria
24;4;2020;3;B6;BEMA;1;Oscar and Maria
24;4;2020;3;B6;HOMA;138;Oscar and Maria
28;2;2020;3;B6;CHFU;3;Oscar and Maria
24;4;2020;3;C1;LEMA;12;Oscar and Maria
24;4;2020;3;C1;BEMA;2;Oscar and Maria
24;4;2020;3;C1;HOMA;104;Oscar and Maria
30;4;2020;3;C1;CHMI;12;Oscar and Maria
24;4;2020;3;C2;LEMA;14;Oscar and Maria
24;4;2020;3;C2;BEMA;1;Oscar and Maria
24;4;2020;3;C2;HOMA;136;Oscar and Maria
24;4;2020;3;C2;SCLA;1;Oscar and Maria
30;4;2020;3;C2;CHMI;4;Oscar and Maria
24;4;2020;3;C3;LEMA;11;Oscar and Maria
24;4;2020;3;C3;BEMA;7;Oscar and Maria
24;4;2020;3;C3;HOMA;83;Oscar and Maria
24;4;2020;3;C3;SCLA;2;Oscar and Maria
28;2;2020;3;C3;CHFU;14;Oscar and Maria
24;4;2020;3;C4;HOMA;224;Oscar and Maria
24;4;2020;3;C4;SCLA;1;Oscar and Maria
24;4;2020;3;C5;LEMA;39;Oscar and Maria
24;4;2020;3;C5;BEMA;2;Oscar and Maria
24;4;2020;3;C5;HOMA;90;Oscar and Maria
1;4;2020;3;C5;SOAS;1;Oscar and Maria
28;2;2020;3;C5;CHFU;4;Oscar and Maria
24;4;2020;3;C6;LEMA;44;Oscar and Maria
24;4;2020;3;C6;BEMA;4;Oscar and Maria
24;4;2020;3;C6;HOMA;157;Oscar and Maria
1;4;2020;3;C6;SOAS;1;Oscar and Maria
24;4;2020;3;C6;SCLA;2;Oscar and Maria
28;2;2020;3;C6;CHFU;2;Oscar and Maria
24;4;2020;3;D1;LEMA;4;Oscar and Maria
24;4;2020;3;D1;BEMA;1;Oscar and Maria
24;4;2020;3;D1;HOMA;208;Oscar and Maria
24;4;2020;3;D1;SCLA;2;Oscar and Maria
30;4;2020;3;D1;CHMI;16;Oscar and Maria
24;4;2020;3;D2;LEMA;8;Oscar and Maria
24;4;2020;3;D2;BEMA;1;Oscar and Maria
24;4;2020;3;D2;HOMA;194;Oscar and Maria
24;4;2020;3;D2;SCLA;2;Oscar and Maria
24;4;2020;3;D3;LEMA;10;Oscar and Maria
24;4;2020;3;D3;HOMA;220;Oscar and Maria
24;4;2020;3;D3;SCLA;2;Oscar and Maria
30;4;2020;3;D3;CHMI;1;Oscar and Maria
24;4;2020;3;D4;LEMA;24;Oscar and Maria
24;4;2020;3;D4;BEMA;1;Oscar and Maria
24;4;2020;3;D4;HOMA;187;Oscar and Maria
1;4;2020;3;D4;SOAS;1;Oscar and Maria
24;4;2020;3;D4;SCLA;1;Oscar and Maria
28;2;2020;3;D4;CHFU;3;Oscar and Maria
24;4;2020;3;D5;LEMA;36;Oscar and Maria
24;4;2020;3;D5;BEMA;3;Oscar and Maria
24;4;2020;3;D5;HOMA;74;Oscar and Maria
24;4;2020;3;D5;SCLA;2;Oscar and Maria
28;2;2020;3;D5;CHFU;1;Oscar and Maria
30;4;2020;3;D5;CHMI;1;Oscar and Maria
24;4;2020;3;D6;LEMA;39;Oscar and Maria
24;4;2020;3;D6;BEMA;4;Oscar and Maria
24;4;2020;3;D6;HOMA;84;Oscar and Maria
24;4;2020;3;D6;SCLA;3;Oscar and Maria
24;4;2020;3;E1;LEMA;4;Oscar and Maria
24;4;2020;3;E1;HOMA;234;Oscar and Maria
24;4;2020;3;E2;LEMA;9;Oscar and Maria
24;4;2020;3;E2;HOMA;206;Oscar and Maria
28;2;2020;3;E2;CHFU;2;Oscar and Maria
24;4;2020;3;E3;LEMA;26;Oscar and Maria
24;4;2020;3;E3;BEMA;1;Oscar and Maria
24;4;2020;3;E3;HOMA;146;Oscar and Maria
1;4;2020;3;E3;SOAS;1;Oscar and Maria
24;4;2020;3;E4;LEMA;37;Oscar and Maria
24;4;2020;3;E4;BEMA;2;Oscar and Maria
24;4;2020;3;E4;HOMA;138;Oscar and Maria
24;4;2020;3;E5;LEMA;53;Oscar and Maria
24;4;2020;3;E5;BEMA;2;Oscar and Maria
24;4;2020;3;E5;HOMA;117;Oscar and Maria
1;4;2020;3;E5;SOAS;1;Oscar and Maria
24;4;2020;3;E5;SCLA;1;Oscar and Maria
28;2;2020;3;E5;CHFU;1;Oscar and Maria
30;4;2020;3;E5;PLCO;1;Oscar and Maria
24;4;2020;3;E6;LEMA;47;Oscar and Maria
24;4;2020;3;E6;BEMA;4;Oscar and Maria
24;4;2020;3;E6;HOMA;70;Oscar and Maria
1;4;2020;3;E6;SOAS;1;Oscar and Maria
24;4;2020;3;E6;SCLA;1;Oscar and Maria
24;4;2020;3;F1;LEMA;18;Oscar and Maria
24;4;2020;3;F1;HOMA;103;Oscar and Maria
24;4;2020;3;F2;LEMA;26;Oscar and Maria
24;4;2020;3;F2;BEMA;2;Oscar and Maria
24;4;2020;3;F2;HOMA;148;Oscar and Maria
24;4;2020;3;F3;LEMA;22;Oscar and Maria
24;4;2020;3;F3;BEMA;4;Oscar and Maria
24;4;2020;3;F3;HOMA;115;Oscar and Maria
1;4;2020;3;F3;SOAS;1;Oscar and Maria
24;4;2020;3;F3;SCLA;1;Oscar and Maria
28;2;2020;3;F3;CHFU;1;Oscar and Maria
24;4;2020;3;F4;LEMA;60;Oscar and Maria
24;4;2020;3;F4;BEMA;5;Oscar and Maria
24;4;2020;3;F4;HOMA;64;Oscar and Maria
1;4;2020;3;F4;SOAS;1;Oscar and Maria
28;2;2020;3;F4;CHFU;1;Oscar and Maria
24;4;2020;3;F5;LEMA;83;Oscar and Maria
24;4;2020;3;F5;BEMA;6;Oscar and Maria
24;4;2020;3;F5;HOMA;48;Oscar and Maria
24;4;2020;3;F5;SCLA;2;Oscar and Maria
28;2;2020;3;F5;CHFU;1;Oscar and Maria
24;4;2020;3;F6;LEMA;57;Oscar and Maria
24;4;2020;3;F6;BEMA;4;Oscar and Maria
24;4;2020;3;F6;HOMA;64;Oscar and Maria
28;2;2020;3;F6;CHFU;2;Oscar and Maria
30;4;2020;3;F6;CHMI;3;Oscar and Maria
24;4;2020;8;A1;PAIN;4;Oscar and Maria
28;2;2020;8;A1;CHFU;47;Oscar and Maria
24;4;2020;8;A1;LEMA;23;Oscar and Maria
30;4;2020;8;A1;MESU;6;Oscar and Maria
1;4;2020;8;A1;SOAS;6;Oscar and Maria
24;4;2020;8;A1;SPRU;30;Oscar and Maria
24;4;2020;8;A1;HOMA;3;Oscar and Maria
24;4;2020;8;A1;POMA;7;Oscar and Maria
24;4;2020;8;A1;POMO;2;Oscar and Maria
30;4;2020;8;A1;PLCO;3;Oscar and Maria
24;4;2020;8;A1;BEMA;4;Oscar and Maria
24;4;2020;8;A2;PAIN;7;Oscar and Maria
28;2;2020;8;A2;CHFU;9;Oscar and Maria
24;4;2020;8;A2;LEMA;23;Oscar and Maria
30;4;2020;8;A2;MESU;13;Oscar and Maria
24;4;2020;8;A2;SCLA;2;Oscar and Maria
1;4;2020;8;A2;SOAS;2;Oscar and Maria
24;4;2020;8;A2;SPRU;15;Oscar and Maria
24;4;2020;8;A2;HOMA;55;Oscar and Maria
24;4;2020;8;A2;POMA;38;Oscar and Maria
24;4;2020;8;A2;POMO;5;Oscar and Maria
30;4;2020;8;A2;PLCO;2;Oscar and Maria
24;4;2020;8;A2;BEMA;13;Oscar and Maria
28;2;2020;8;A3;CHFU;13;Oscar and Maria
24;4;2020;8;A3;LEMA;14;Oscar and Maria
30;4;2020;8;A3;MESU;9;Oscar and Maria
24;4;2020;8;A3;SCLA;2;Oscar and Maria
1;4;2020;8;A3;SOAS;4;Oscar and Maria
24;4;2020;8;A3;SPRU;11;Oscar and Maria
24;4;2020;8;A3;POMA;44;Oscar and Maria
24;4;2020;8;A3;POMO;6;Oscar and Maria
30;4;2020;8;A3;PLCO;29;Oscar and Maria
30;4;2020;8;A3;MEPO;5;Oscar and Maria
24;4;2020;8;A3;BEMA;5;Oscar and Maria
24;4;2020;8;A4;PAIN;8;Oscar and Maria
28;2;2020;8;A4;CHFU;12;Oscar and Maria
24;4;2020;8;A4;LEMA;16;Oscar and Maria
30;4;2020;8;A4;MESU;2;Oscar and Maria
1;4;2020;8;A4;SOAS;14;Oscar and Maria
24;4;2020;8;A4;HOMA;25;Oscar and Maria
24;4;2020;8;A4;POMA;24;Oscar and Maria
24;4;2020;8;A4;POMO;7;Oscar and Maria
30;4;2020;8;A4;PLCO;21;Oscar and Maria
30;4;2020;8;A4;MEPO;2;Oscar and Maria
24;4;2020;8;A4;BEMA;10;Oscar and Maria
24;4;2020;8;A5;PAIN;12;Oscar and Maria
28;2;2020;8;A5;CHFU;11;Oscar and Maria
24;4;2020;8;A5;LEMA;14;Oscar and Maria
30;4;2020;8;A5;MESU;11;Oscar and Maria
1;4;2020;8;A5;SOAS;2;Oscar and Maria
24;4;2020;8;A5;HOMA;5;Oscar and Maria
24;4;2020;8;A5;POMA;82;Oscar and Maria
24;4;2020;8;A5;POMO;4;Oscar and Maria
30;4;2020;8;A5;PLCO;90;Oscar and Maria
30;4;2020;8;A5;MEPO;2;Oscar and Maria
24;4;2020;8;A5;BEMA;14;Oscar and Maria
24;4;2020;8;A6;PAIN;19;Oscar and Maria
28;2;2020;8;A6;CHFU;24;Oscar and Maria
24;4;2020;8;A6;LEMA;8;Oscar and Maria
30;4;2020;8;A6;MESU;15;Oscar and Maria
1;4;2020;8;A6;SOAS;4;Oscar and Maria
24;4;2020;8;A6;SPRU;14;Oscar and Maria
24;4;2020;8;A6;POMA;120;Oscar and Maria
24;4;2020;8;A6;POMO;3;Oscar and Maria
30;4;2020;8;A6;PLCO;112;Oscar and Maria
30;4;2020;8;A6;MEPO;3;Oscar and Maria
24;4;2020;8;A6;BEMA;19;Oscar and Maria
24;4;2020;8;B1;PAIN;2;Oscar and Maria
28;2;2020;8;B1;CHFU;10;Oscar and Maria
24;4;2020;8;B1;LEMA;17;Oscar and Maria
30;4;2020;8;B1;MESU;16;Oscar and Maria
24;4;2020;8;B1;SPRU;93;Oscar and Maria
24;4;2020;8;B1;HOMA;36;Oscar and Maria
24;4;2020;8;B1;POMA;6;Oscar and Maria
24;4;2020;8;B1;POMO;4;Oscar and Maria
30;4;2020;8;B1;PLCO;24;Oscar and Maria
30;4;2020;8;B1;MEPO;1;Oscar and Maria
24;4;2020;8;B1;BEMA;7;Oscar and Maria
30;4;2020;8;B1;CHMI;1;Oscar and Maria
24;4;2020;8;B2;PAIN;4;Oscar and Maria
28;2;2020;8;B2;CHFU;20;Oscar and Maria
24;4;2020;8;B2;LEMA;66;Oscar and Maria
30;4;2020;8;B2;MESU;7;Oscar and Maria
24;4;2020;8;B2;SCLA;2;Oscar and Maria
1;4;2020;8;B2;SOAS;4;Oscar and Maria
24;4;2020;8;B2;SPRU;17;Oscar and Maria
24;4;2020;8;B2;HOMA;7;Oscar and Maria
24;4;2020;8;B2;POMA;24;Oscar and Maria
30;4;2020;8;B2;PLCO;8;Oscar and Maria
30;4;2020;8;B2;MEPO;2;Oscar and Maria
24;4;2020;8;B2;BEMA;9;Oscar and Maria
24;4;2020;8;B3;PAIN;4;Oscar and Maria
28;2;2020;8;B3;CHFU;3;Oscar and Maria
24;4;2020;8;B3;LEMA;26;Oscar and Maria
30;4;2020;8;B3;MESU;10;Oscar and Maria
24;4;2020;8;B3;SCLA;2;Oscar and Maria
1;4;2020;8;B3;SOAS;5;Oscar and Maria
24;4;2020;8;B3;HOMA;7;Oscar and Maria
24;4;2020;8;B3;POMA;22;Oscar and Maria
24;4;2020;8;B3;POMO;7;Oscar and Maria
24;4;2020;8;B3;BEMA;8;Oscar and Maria
28;2;2020;8;B4;CHFU;13;Oscar and Maria
24;4;2020;8;B4;LEMA;31;Oscar and Maria
30;4;2020;8;B4;MESU;12;Oscar and Maria
24;4;2020;8;B4;SCLA;4;Oscar and Maria
1;4;2020;8;B4;SOAS;5;Oscar and Maria
24;4;2020;8;B4;SPRU;3;Oscar and Maria
24;4;2020;8;B4;POMA;60;Oscar and Maria
24;4;2020;8;B4;POMO;12;Oscar and Maria
30;4;2020;8;B4;PLCO;15;Oscar and Maria
30;4;2020;8;B4;MEPO;3;Oscar and Maria
24;4;2020;8;B4;BEMA;9;Oscar and Maria
24;4;2020;8;B5;PAIN;16;Oscar and Maria
28;2;2020;8;B5;CHFU;8;Oscar and Maria
24;4;2020;8;B5;LEMA;7;Oscar and Maria
30;4;2020;8;B5;MESU;8;Oscar and Maria
1;4;2020;8;B5;SOAS;4;Oscar and Maria
24;4;2020;8;B5;SPRU;2;Oscar and Maria
24;4;2020;8;B5;POMA;130;Oscar and Maria
30;4;2020;8;B5;PLCO;114;Oscar and Maria
24;4;2020;8;B5;BEMA;7;Oscar and Maria
24;4;2020;8;B6;PAIN;NA;Oscar and Maria
28;2;2020;8;B6;CHFU;NA;Oscar and Maria
24;4;2020;8;B6;LEMA;NA;Oscar and Maria
30;4;2020;8;B6;MESU;NA;Oscar and Maria
24;4;2020;8;B6;SCLA;NA;Oscar and Maria
1;4;2020;8;B6;SOAS;NA;Oscar and Maria
24;4;2020;8;B6;SPRU;NA;Oscar and Maria
24;4;2020;8;B6;HOMA;NA;Oscar and Maria
24;4;2020;8;B6;POMA;NA;Oscar and Maria
24;4;2020;8;B6;POMO;NA;Oscar and Maria
30;4;2020;8;B6;PLCO;NA;Oscar and Maria
30;4;2020;8;B6;MEPO;NA;Oscar and Maria
24;4;2020;8;B6;BEMA;NA;Oscar and Maria
30;4;2020;8;B6;CHMI;NA;Oscar and Maria
24;4;2020;8;C1;PAIN;12;Oscar and Maria
28;2;2020;8;C1;CHFU;19;Oscar and Maria
24;4;2020;8;C1;LEMA;22;Oscar and Maria
30;4;2020;8;C1;MESU;18;Oscar and Maria
24;4;2020;8;C1;SCLA;17;Oscar and Maria
1;4;2020;8;C1;SOAS;8;Oscar and Maria
24;4;2020;8;C1;SPRU;82;Oscar and Maria
24;4;2020;8;C1;HOMA;15;Oscar and Maria
24;4;2020;8;C1;POMA;17;Oscar and Maria
24;4;2020;8;C1;POMO;2;Oscar and Maria
30;4;2020;8;C1;PLCO;24;Oscar and Maria
30;4;2020;8;C1;MEPO;4;Oscar and Maria
24;4;2020;8;C1;BEMA;10;Oscar and Maria
28;2;2020;8;C2;CHFU;18;Oscar and Maria
24;4;2020;8;C2;LEMA;31;Oscar and Maria
30;4;2020;8;C2;MESU;7;Oscar and Maria
24;4;2020;8;C2;SCLA;3;Oscar and Maria
1;4;2020;8;C2;SOAS;16;Oscar and Maria
24;4;2020;8;C2;SPRU;25;Oscar and Maria
24;4;2020;8;C2;HOMA;40;Oscar and Maria
24;4;2020;8;C2;POMA;70;Oscar and Maria
24;4;2020;8;C2;POMO;2;Oscar and Maria
30;4;2020;8;C2;PLCO;15;Oscar and Maria
30;4;2020;8;C2;MEPO;2;Oscar and Maria
24;4;2020;8;C2;BEMA;14;Oscar and Maria
28;2;2020;8;C3;CHFU;4;Oscar and Maria
24;4;2020;8;C3;LEMA;24;Oscar and Maria
30;4;2020;8;C3;MESU;6;Oscar and Maria
24;4;2020;8;C3;SCLA;5;Oscar and Maria
1;4;2020;8;C3;SOAS;14;Oscar and Maria
24;4;2020;8;C3;SPRU;3;Oscar and Maria
24;4;2020;8;C3;HOMA;12;Oscar and Maria
24;4;2020;8;C3;POMA;21;Oscar and Maria
24;4;2020;8;C3;POMO;6;Oscar and Maria
30;4;2020;8;C3;MEPO;2;Oscar and Maria
24;4;2020;8;C3;BEMA;9;Oscar and Maria
24;4;2020;8;C4;PAIN;6;Oscar and Maria
28;2;2020;8;C4;CHFU;3;Oscar and Maria
24;4;2020;8;C4;LEMA;42;Oscar and Maria
30;4;2020;8;C4;MESU;14;Oscar and Maria
1;4;2020;8;C4;SOAS;8;Oscar and Maria
24;4;2020;8;C4;HOMA;25;Oscar and Maria
24;4;2020;8;C4;POMA;8;Oscar and Maria
24;4;2020;8;C4;POMO;8;Oscar and Maria
30;4;2020;8;C4;PLCO;26;Oscar and Maria
30;4;2020;8;C4;MEPO;1;Oscar and Maria
24;4;2020;8;C4;BEMA;8;Oscar and Maria
30;4;2020;8;C4;CHMI;10;Oscar and Maria
24;4;2020;8;C5;PAIN;8;Oscar and Maria
28;2;2020;8;C5;CHFU;11;Oscar and Maria
24;4;2020;8;C5;LEMA;14;Oscar and Maria
30;4;2020;8;C5;MESU;8;Oscar and Maria
24;4;2020;8;C5;SCLA;1;Oscar and Maria
1;4;2020;8;C5;SOAS;3;Oscar and Maria
24;4;2020;8;C5;SPRU;7;Oscar and Maria
24;4;2020;8;C5;HOMA;8;Oscar and Maria
24;4;2020;8;C5;POMA;40;Oscar and Maria
24;4;2020;8;C5;POMO;12;Oscar and Maria
30;4;2020;8;C5;PLCO;14;Oscar and Maria
30;4;2020;8;C5;MEPO;4;Oscar and Maria
24;4;2020;8;C5;BEMA;19;Oscar and Maria
28;2;2020;8;C6;CHFU;40;Oscar and Maria
24;4;2020;8;C6;LEMA;27;Oscar and Maria
30;4;2020;8;C6;MESU;2;Oscar and Maria
1;4;2020;8;C6;SOAS;11;Oscar and Maria
24;4;2020;8;C6;SPRU;5;Oscar and Maria
24;4;2020;8;C6;HOMA;19;Oscar and Maria
24;4;2020;8;C6;POMA;25;Oscar and Maria
30;4;2020;8;C6;PLCO;5;Oscar and Maria
30;4;2020;8;C6;MEPO;1;Oscar and Maria
24;4;2020;8;C6;BEMA;12;Oscar and Maria
24;4;2020;8;D1;PAIN;2;Oscar and Maria
28;2;2020;8;D1;CHFU;6;Oscar and Maria
24;4;2020;8;D1;LEMA;45;Oscar and Maria
30;4;2020;8;D1;MESU;9;Oscar and Maria
24;4;2020;8;D1;SCLA;1;Oscar and Maria
1;4;2020;8;D1;SOAS;2;Oscar and Maria
24;4;2020;8;D1;SPRU;108;Oscar and Maria
24;4;2020;8;D1;HOMA;3;Oscar and Maria
24;4;2020;8;D1;POMA;17;Oscar and Maria
30;4;2020;8;D1;PLCO;1;Oscar and Maria
24;4;2020;8;D1;BEMA;8;Oscar and Maria
28;2;2020;8;D2;CHFU;27;Oscar and Maria
24;4;2020;8;D2;LEMA;38;Oscar and Maria
30;4;2020;8;D2;MESU;16;Oscar and Maria
24;4;2020;8;D2;SCLA;3;Oscar and Maria
1;4;2020;8;D2;SOAS;4;Oscar and Maria
24;4;2020;8;D2;SPRU;8;Oscar and Maria
24;4;2020;8;D2;HOMA;42;Oscar and Maria
24;4;2020;8;D2;POMA;9;Oscar and Maria
24;4;2020;8;D2;BEMA;15;Oscar and Maria
28;2;2020;8;D3;CHFU;5;Oscar and Maria
24;4;2020;8;D3;LEMA;24;Oscar and Maria
30;4;2020;8;D3;MESU;8;Oscar and Maria
24;4;2020;8;D3;SCLA;1;Oscar and Maria
1;4;2020;8;D3;SOAS;7;Oscar and Maria
24;4;2020;8;D3;SPRU;2;Oscar and Maria
24;4;2020;8;D3;HOMA;54;Oscar and Maria
24;4;2020;8;D3;POMA;1;Oscar and Maria
24;4;2020;8;D3;POMO;1;Oscar and Maria
30;4;2020;8;D3;MEPO;3;Oscar and Maria
24;4;2020;8;D3;BEMA;7;Oscar and Maria
24;4;2020;8;D4;PAIN;1;Oscar and Maria
28;2;2020;8;D4;CHFU;12;Oscar and Maria
24;4;2020;8;D4;LEMA;21;Oscar and Maria
30;4;2020;8;D4;MESU;11;Oscar and Maria
24;4;2020;8;D4;SCLA;2;Oscar and Maria
1;4;2020;8;D4;SOAS;1;Oscar and Maria
24;4;2020;8;D4;HOMA;20;Oscar and Maria
24;4;2020;8;D4;POMA;2;Oscar and Maria
24;4;2020;8;D4;POMO;1;Oscar and Maria
30;4;2020;8;D4;PLCO;2;Oscar and Maria
30;4;2020;8;D4;MEPO;1;Oscar and Maria
24;4;2020;8;D4;BEMA;3;Oscar and Maria
28;2;2020;8;D5;CHFU;14;Oscar and Maria
24;4;2020;8;D5;LEMA;25;Oscar and Maria
30;4;2020;8;D5;MESU;6;Oscar and Maria
24;4;2020;8;D5;SCLA;1;Oscar and Maria
1;4;2020;8;D5;SOAS;10;Oscar and Maria
24;4;2020;8;D5;SPRU;7;Oscar and Maria
24;4;2020;8;D5;HOMA;10;Oscar and Maria
24;4;2020;8;D5;POMA;80;Oscar and Maria
24;4;2020;8;D5;POMO;18;Oscar and Maria
30;4;2020;8;D5;PLCO;25;Oscar and Maria
30;4;2020;8;D5;MEPO;1;Oscar and Maria
24;4;2020;8;D5;BEMA;13;Oscar and Maria
30;4;2020;8;D5;CHMI;2;Oscar and Maria
24;4;2020;8;D6;PAIN;5;Oscar and Maria
28;2;2020;8;D6;CHFU;19;Oscar and Maria
24;4;2020;8;D6;LEMA;21;Oscar and Maria
30;4;2020;8;D6;MESU;12;Oscar and Maria
24;4;2020;8;D6;SCLA;3;Oscar and Maria
1;4;2020;8;D6;SOAS;7;Oscar and Maria
24;4;2020;8;D6;HOMA;2;Oscar and Maria
24;4;2020;8;D6;POMA;54;Oscar and Maria
24;4;2020;8;D6;POMO;5;Oscar and Maria
30;4;2020;8;D6;PLCO;3;Oscar and Maria
30;4;2020;8;D6;MEPO;1;Oscar and Maria
24;4;2020;8;D6;BEMA;18;Oscar and Maria
28;2;2020;8;E1;CHFU;29;Oscar and Maria
24;4;2020;8;E1;LEMA;50;Oscar and Maria
30;4;2020;8;E1;MESU;20;Oscar and Maria
1;4;2020;8;E1;SOAS;6;Oscar and Maria
24;4;2020;8;E1;SPRU;77;Oscar and Maria
24;4;2020;8;E1;HOMA;12;Oscar and Maria
24;4;2020;8;E1;POMA;80;Oscar and Maria
24;4;2020;8;E1;POMO;1;Oscar and Maria
30;4;2020;8;E1;PLCO;7;Oscar and Maria
24;4;2020;8;E1;BEMA;4;Oscar and Maria
28;2;2020;8;E2;CHFU;6;Oscar and Maria
24;4;2020;8;E2;LEMA;20;Oscar and Maria
30;4;2020;8;E2;MESU;4;Oscar and Maria
1;4;2020;8;E2;SOAS;2;Oscar and Maria
24;4;2020;8;E2;SPRU;12;Oscar and Maria
24;4;2020;8;E2;HOMA;83;Oscar and Maria
30;4;2020;8;E2;MEPO;4;Oscar and Maria
24;4;2020;8;E2;BEMA;2;Oscar and Maria
28;2;2020;8;E3;CHFU;17;Oscar and Maria
24;4;2020;8;E3;LEMA;19;Oscar and Maria
30;4;2020;8;E3;MESU;17;Oscar and Maria
24;4;2020;8;E3;SCLA;3;Oscar and Maria
1;4;2020;8;E3;SOAS;4;Oscar and Maria
24;4;2020;8;E3;SPRU;17;Oscar and Maria
24;4;2020;8;E3;HOMA;74;Oscar and Maria
24;4;2020;8;E3;BEMA;19;Oscar and Maria
28;2;2020;8;E4;CHFU;12;Oscar and Maria
24;4;2020;8;E4;LEMA;26;Oscar and Maria
30;4;2020;8;E4;MESU;7;Oscar and Maria
1;4;2020;8;E4;SOAS;5;Oscar and Maria
24;4;2020;8;E4;SPRU;3;Oscar and Maria
24;4;2020;8;E4;HOMA;21;Oscar and Maria
24;4;2020;8;E4;POMA;15;Oscar and Maria
24;4;2020;8;E4;POMO;6;Oscar and Maria
24;4;2020;8;E4;BEMA;9;Oscar and Maria
24;4;2020;8;E5;PAIN;4;Oscar and Maria
28;2;2020;8;E5;CHFU;12;Oscar and Maria
24;4;2020;8;E5;LEMA;17;Oscar and Maria
30;4;2020;8;E5;MESU;12;Oscar and Maria
24;4;2020;8;E5;SCLA;1;Oscar and Maria
1;4;2020;8;E5;SOAS;7;Oscar and Maria
24;4;2020;8;E5;SPRU;1;Oscar and Maria
24;4;2020;8;E5;HOMA;2;Oscar and Maria
24;4;2020;8;E5;POMA;46;Oscar and Maria
24;4;2020;8;E5;POMO;22;Oscar and Maria
30;4;2020;8;E5;MEPO;4;Oscar and Maria
24;4;2020;8;E5;BEMA;6;Oscar and Maria
24;4;2020;8;E6;PAIN;6;Oscar and Maria
28;2;2020;8;E6;CHFU;5;Oscar and Maria
24;4;2020;8;E6;LEMA;14;Oscar and Maria
30;4;2020;8;E6;MESU;8;Oscar and Maria
1;4;2020;8;E6;SOAS;8;Oscar and Maria
24;4;2020;8;E6;HOMA;19;Oscar and Maria
24;4;2020;8;E6;POMA;32;Oscar and Maria
24;4;2020;8;E6;POMO;1;Oscar and Maria
30;4;2020;8;E6;PLCO;2;Oscar and Maria
30;4;2020;8;E6;MEPO;3;Oscar and Maria
24;4;2020;8;E6;BEMA;11;Oscar and Maria
24;4;2020;8;F1;PAIN;8;Oscar and Maria
28;2;2020;8;F1;CHFU;18;Oscar and Maria
24;4;2020;8;F1;LEMA;31;Oscar and Maria
30;4;2020;8;F1;MESU;11;Oscar and Maria
24;4;2020;8;F1;SCLA;7;Oscar and Maria
24;4;2020;8;F1;SPRU;34;Oscar and Maria
24;4;2020;8;F1;HOMA;20;Oscar and Maria
24;4;2020;8;F1;POMA;64;Oscar and Maria
24;4;2020;8;F1;POMO;1;Oscar and Maria
24;4;2020;8;F1;BEMA;2;Oscar and Maria
30;4;2020;8;F1;CHMI;1;Oscar and Maria
28;2;2020;8;F2;CHFU;20;Oscar and Maria
24;4;2020;8;F2;LEMA;16;Oscar and Maria
30;4;2020;8;F2;MESU;9;Oscar and Maria
24;4;2020;8;F2;SCLA;1;Oscar and Maria
1;4;2020;8;F2;SOAS;2;Oscar and Maria
24;4;2020;8;F2;SPRU;39;Oscar and Maria
24;4;2020;8;F2;HOMA;8;Oscar and Maria
24;4;2020;8;F2;POMA;25;Oscar and Maria
24;4;2020;8;F2;POMO;1;Oscar and Maria
30;4;2020;8;F2;PLCO;3;Oscar and Maria
30;4;2020;8;F2;MEPO;1;Oscar and Maria
24;4;2020;8;F2;BEMA;5;Oscar and Maria
24;4;2020;8;F3;PAIN;2;Oscar and Maria
28;2;2020;8;F3;CHFU;20;Oscar and Maria
24;4;2020;8;F3;LEMA;7;Oscar and Maria
30;4;2020;8;F3;MESU;8;Oscar and Maria
24;4;2020;8;F3;SCLA;1;Oscar and Maria
1;4;2020;8;F3;SOAS;1;Oscar and Maria
24;4;2020;8;F3;SPRU;26;Oscar and Maria
24;4;2020;8;F3;HOMA;37;Oscar and Maria
24;4;2020;8;F3;POMA;10;Oscar and Maria
24;4;2020;8;F3;POMO;2;Oscar and Maria
30;4;2020;8;F3;PLCO;5;Oscar and Maria
24;4;2020;8;F3;BEMA;6;Oscar and Maria
24;4;2020;8;F4;PAIN;2;Oscar and Maria
28;2;2020;8;F4;CHFU;12;Oscar and Maria
24;4;2020;8;F4;LEMA;13;Oscar and Maria
30;4;2020;8;F4;MESU;7;Oscar and Maria
1;4;2020;8;F4;SOAS;8;Oscar and Maria
24;4;2020;8;F4;SPRU;5;Oscar and Maria
24;4;2020;8;F4;HOMA;8;Oscar and Maria
24;4;2020;8;F4;POMA;15;Oscar and Maria
24;4;2020;8;F4;POMO;7;Oscar and Maria
24;4;2020;8;F4;BEMA;1;Oscar and Maria
24;4;2020;8;F5;PAIN;4;Oscar and Maria
28;2;2020;8;F5;CHFU;19;Oscar and Maria
24;4;2020;8;F5;LEMA;17;Oscar and Maria
30;4;2020;8;F5;MESU;17;Oscar and Maria
1;4;2020;8;F5;SOAS;7;Oscar and Maria
24;4;2020;8;F5;SPRU;4;Oscar and Maria
24;4;2020;8;F5;HOMA;29;Oscar and Maria
24;4;2020;8;F5;POMA;36;Oscar and Maria
24;4;2020;8;F5;POMO;3;Oscar and Maria
30;4;2020;8;F5;PLCO;16;Oscar and Maria
30;4;2020;8;F5;MEPO;5;Oscar and Maria
24;4;2020;8;F5;BEMA;8;Oscar and Maria
30;4;2020;8;F5;CHMI;1;Oscar and Maria
28;2;2020;8;F6;CHFU;13;Oscar and Maria
24;4;2020;8;F6;LEMA;40;Oscar and Maria
30;4;2020;8;F6;MESU;8;Oscar and Maria
24;4;2020;8;F6;SCLA;2;Oscar and Maria
1;4;2020;8;F6;SOAS;5;Oscar and Maria
24;4;2020;8;F6;POMA;23;Oscar and Maria
24;4;2020;8;F6;POMO;2;Oscar and Maria
24;4;2020;8;F6;BEMA;8;Oscar and Maria
13;2;2020;8;F6;RAPE;1;Oscar and Maria
24;4;2020;5;A1;HOMA;100;Oscar and Maria
24;4;2020;5;A1;LEMA;2;Oscar and Maria
24;4;2020;5;A1;BEMA;2;Oscar and Maria
24;4;2020;5;A2;HOMA;100;Oscar and Maria
24;4;2020;5;A2;LEMA;2;Oscar and Maria
24;4;2020;5;A2;BEMA;8;Oscar and Maria
24;4;2020;5;A3;HOMA;100;Oscar and Maria
24;4;2020;5;A3;BEMA;10;Oscar and Maria
24;4;2020;5;A4;HOMA;80;Oscar and Maria
24;4;2020;5;A4;LEMA;3;Oscar and Maria
24;4;2020;5;A4;BEMA;5;Oscar and Maria
24;4;2020;5;A5;HOMA;70;Oscar and Maria
24;4;2020;5;A5;LEMA;9;Oscar and Maria
24;4;2020;5;A5;BEMA;2;Oscar and Maria
24;4;2020;5;A6;HOMA;80;Oscar and Maria
24;4;2020;5;A6;LEMA;6;Oscar and Maria
24;4;2020;5;A6;BEMA;1;Oscar and Maria
1;4;2020;5;A6;SOAS;1;Oscar and Maria
28;2;2020;5;A6;CHFU;1;Oscar and Maria
24;4;2020;5;B1;HOMA;80;Oscar and Maria
24;4;2020;5;B1;LEMA;1;Oscar and Maria
24;4;2020;5;B2;HOMA;50;Oscar and Maria
24;4;2020;5;B2;LEMA;8;Oscar and Maria
24;4;2020;5;B2;BEMA;8;Oscar and Maria
24;4;2020;5;B3;HOMA;50;Oscar and Maria
24;4;2020;5;B3;LEMA;7;Oscar and Maria
24;4;2020;5;B3;BEMA;4;Oscar and Maria
24;4;2020;5;B4;HOMA;40;Oscar and Maria
24;4;2020;5;B4;LEMA;12;Oscar and Maria
24;4;2020;5;B4;BEMA;3;Oscar and Maria
24;4;2020;5;B5;HOMA;60;Oscar and Maria
24;4;2020;5;B5;LEMA;3;Oscar and Maria
24;4;2020;5;B5;BEMA;2;Oscar and Maria
24;4;2020;5;B6;HOMA;80;Oscar and Maria
24;4;2020;5;B6;LEMA;3;Oscar and Maria
24;4;2020;5;B6;BEMA;8;Oscar and Maria
28;2;2020;5;B6;CHFU;1;Oscar and Maria
30;4;2020;5;B6;CHMI;1;Oscar and Maria
24;4;2020;5;C1;HOMA;40;Oscar and Maria
24;4;2020;5;C1;LEMA;3;Oscar and Maria
24;4;2020;5;C2;HOMA;60;Oscar and Maria
24;4;2020;5;C2;LEMA;9;Oscar and Maria
24;4;2020;5;C2;BEMA;6;Oscar and Maria
24;4;2020;5;C3;HOMA;50;Oscar and Maria
24;4;2020;5;C3;LEMA;10;Oscar and Maria
24;4;2020;5;C3;BEMA;10;Oscar and Maria
24;4;2020;5;C4;HOMA;50;Oscar and Maria
24;4;2020;5;C4;LEMA;8;Oscar and Maria
24;4;2020;5;C4;BEMA;9;Oscar and Maria
24;4;2020;5;C5;HOMA;40;Oscar and Maria
24;4;2020;5;C5;LEMA;6;Oscar and Maria
24;4;2020;5;C5;BEMA;7;Oscar and Maria
24;4;2020;5;C6;HOMA;80;Oscar and Maria
24;4;2020;5;C6;LEMA;3;Oscar and Maria
24;4;2020;5;C6;BEMA;6;Oscar and Maria
24;4;2020;5;D1;HOMA;100;Oscar and Maria
24;4;2020;5;D1;LEMA;8;Oscar and Maria
24;4;2020;5;D1;BEMA;5;Oscar and Maria
1;4;2020;5;D1;SOAS;1;Oscar and Maria
24;4;2020;5;D2;HOMA;50;Oscar and Maria
24;4;2020;5;D2;LEMA;7;Oscar and Maria
24;4;2020;5;D2;BEMA;3;Oscar and Maria
24;4;2020;5;D3;HOMA;70;Oscar and Maria
24;4;2020;5;D3;LEMA;5;Oscar and Maria
24;4;2020;5;D3;BEMA;2;Oscar and Maria
24;4;2020;5;D4;HOMA;50;Oscar and Maria
24;4;2020;5;D4;LEMA;5;Oscar and Maria
24;4;2020;5;D4;BEMA;8;Oscar and Maria
24;4;2020;5;D5;HOMA;30;Oscar and Maria
24;4;2020;5;D5;LEMA;9;Oscar and Maria
24;4;2020;5;D6;HOMA;60;Oscar and Maria
24;4;2020;5;D6;LEMA;10;Oscar and Maria
24;4;2020;5;D6;BEMA;8;Oscar and Maria
24;4;2020;5;E1;HOMA;70;Oscar and Maria
24;4;2020;5;E1;LEMA;3;Oscar and Maria
24;4;2020;5;E1;BEMA;5;Oscar and Maria
24;4;2020;5;E2;HOMA;40;Oscar and Maria
24;4;2020;5;E2;LEMA;6;Oscar and Maria
24;4;2020;5;E2;BEMA;6;Oscar and Maria
24;4;2020;5;E3;HOMA;70;Oscar and Maria
24;4;2020;5;E3;LEMA;13;Oscar and Maria
24;4;2020;5;E3;BEMA;6;Oscar and Maria
24;4;2020;5;E4;HOMA;90;Oscar and Maria
24;4;2020;5;E4;LEMA;12;Oscar and Maria
24;4;2020;5;E4;BEMA;6;Oscar and Maria
24;4;2020;5;E5;HOMA;60;Oscar and Maria
24;4;2020;5;E5;LEMA;10;Oscar and Maria
24;4;2020;5;E6;HOMA;70;Oscar and Maria
24;4;2020;5;E6;LEMA;13;Oscar and Maria
24;4;2020;5;F1;HOMA;60;Oscar and Maria
24;4;2020;5;F1;LEMA;9;Oscar and Maria
24;4;2020;5;F1;BEMA;3;Oscar and Maria
24;4;2020;5;F2;HOMA;50;Oscar and Maria
24;4;2020;5;F2;LEMA;17;Oscar and Maria
24;4;2020;5;F2;BEMA;5;Oscar and Maria
24;4;2020;5;F3;HOMA;60;Oscar and Maria
24;4;2020;5;F3;LEMA;15;Oscar and Maria
24;4;2020;5;F3;BEMA;6;Oscar and Maria
1;4;2020;5;F3;SOAS;2;Oscar and Maria
24;4;2020;5;F4;HOMA;60;Oscar and Maria
24;4;2020;5;F4;LEMA;20;Oscar and Maria
24;4;2020;5;F4;BEMA;10;Oscar and Maria
24;4;2020;5;F5;HOMA;80;Oscar and Maria
24;4;2020;5;F5;LEMA;25;Oscar and Maria
24;4;2020;5;F5;BEMA;7;Oscar and Maria
24;4;2020;5;F6;HOMA;40;Oscar and Maria
24;4;2020;5;F6;LEMA;12;Oscar and Maria
24;4;2020;5;F6;BEMA;7;Oscar and Maria
24;4;2020;3;A1;HOMA;160;Oscar and Maria
24;4;2020;3;A1;LEMA;11;Oscar and Maria
24;4;2020;3;A1;BEMA;2;Oscar and Maria
30;4;2020;3;A1;CHMI;1;Oscar and Maria
24;4;2020;3;A2;HOMA;180;Oscar and Maria
24;4;2020;3;A2;LEMA;20;Oscar and Maria
24;4;2020;3;A2;BEMA;2;Oscar and Maria
24;4;2020;3;A3;HOMA;180;Oscar and Maria
24;4;2020;3;A3;LEMA;20;Oscar and Maria
24;4;2020;3;A3;BEMA;2;Oscar and Maria
24;4;2020;3;A4;HOMA;170;Oscar and Maria
24;4;2020;3;A4;LEMA;5;Oscar and Maria
24;4;2020;3;A4;BEMA;5;Oscar and Maria
24;4;2020;3;A5;HOMA;170;Oscar and Maria
24;4;2020;3;A5;LEMA;2;Oscar and Maria
24;4;2020;3;A5;BEMA;4;Oscar and Maria
24;4;2020;3;A6;HOMA;160;Oscar and Maria
24;4;2020;3;A6;LEMA;5;Oscar and Maria
24;4;2020;3;A6;BEMA;8;Oscar and Maria
24;4;2020;3;B1;HOMA;80;Oscar and Maria
24;4;2020;3;B1;LEMA;20;Oscar and Maria
24;4;2020;3;B1;BEMA;1;Oscar and Maria
24;4;2020;3;B2;HOMA;50;Oscar and Maria
24;4;2020;3;B2;LEMA;20;Oscar and Maria
24;4;2020;3;B3;HOMA;140;Oscar and Maria
24;4;2020;3;B3;LEMA;18;Oscar and Maria
24;4;2020;3;B3;BEMA;1;Oscar and Maria
24;4;2020;3;B4;HOMA;160;Oscar and Maria
24;4;2020;3;B4;LEMA;14;Oscar and Maria
24;4;2020;3;B4;BEMA;6;Oscar and Maria
24;4;2020;3;B5;HOMA;170;Oscar and Maria
24;4;2020;3;B5;LEMA;3;Oscar and Maria
24;4;2020;3;B5;BEMA;6;Oscar and Maria
24;4;2020;3;B6;HOMA;160;Oscar and Maria
24;4;2020;3;B6;LEMA;2;Oscar and Maria
24;4;2020;3;B6;BEMA;4;Oscar and Maria
24;4;2020;3;C1;HOMA;70;Oscar and Maria
24;4;2020;3;C1;LEMA;25;Oscar and Maria
24;4;2020;3;C2;HOMA;100;Oscar and Maria
24;4;2020;3;C2;LEMA;15;Oscar and Maria
24;4;2020;3;C3;HOMA;70;Oscar and Maria
24;4;2020;3;C3;LEMA;25;Oscar and Maria
24;4;2020;3;C4;HOMA;140;Oscar and Maria
24;4;2020;3;C4;LEMA;10;Oscar and Maria
24;4;2020;3;C4;BEMA;5;Oscar and Maria
24;4;2020;3;C5;HOMA;160;Oscar and Maria
24;4;2020;3;C5;LEMA;5;Oscar and Maria
24;4;2020;3;C5;BEMA;16;Oscar and Maria
24;4;2020;3;C6;HOMA;160;Oscar and Maria
24;4;2020;3;C6;BEMA;10;Oscar and Maria
24;4;2020;3;D6;HOMA;170;Oscar and Maria
24;4;2020;3;D6;LEMA;1;Oscar and Maria
24;4;2020;3;D6;BEMA;4;Oscar and Maria
24;4;2020;3;D5;HOMA;160;Oscar and Maria
24;4;2020;3;D5;LEMA;7;Oscar and Maria
24;4;2020;3;D5;BEMA;8;Oscar and Maria
24;4;2020;3;D4;HOMA;140;Oscar and Maria
24;4;2020;3;D4;LEMA;8;Oscar and Maria
24;4;2020;3;D4;BEMA;5;Oscar and Maria
24;4;2020;3;D3;HOMA;100;Oscar and Maria
24;4;2020;3;D3;LEMA;12;Oscar and Maria
24;4;2020;3;D3;BEMA;2;Oscar and Maria
24;4;2020;3;D2;HOMA;140;Oscar and Maria
24;4;2020;3;D2;LEMA;8;Oscar and Maria
24;4;2020;3;D2;BEMA;3;Oscar and Maria
28;2;2020;3;D2;CHFU;2;Oscar and Maria
24;4;2020;3;D1;HOMA;100;Oscar and Maria
24;4;2020;3;D1;LEMA;6;Oscar and Maria
1;4;2020;3;D1;SOAS;1;Oscar and Maria
24;4;2020;3;E1;HOMA;20;Oscar and Maria
24;4;2020;3;E1;LEMA;30;Oscar and Maria
24;4;2020;3;E2;HOMA;100;Oscar and Maria
24;4;2020;3;E2;LEMA;15;Oscar and Maria
24;4;2020;3;E2;BEMA;1;Oscar and Maria
24;4;2020;3;E3;HOMA;80;Oscar and Maria
24;4;2020;3;E3;LEMA;10;Oscar and Maria
24;4;2020;3;E3;BEMA;2;Oscar and Maria
24;4;2020;3;E4;HOMA;100;Oscar and Maria
24;4;2020;3;E4;LEMA;14;Oscar and Maria
24;4;2020;3;E4;BEMA;8;Oscar and Maria
24;4;2020;3;E5;HOMA;50;Oscar and Maria
24;4;2020;3;E5;LEMA;16;Oscar and Maria
28;2;2020;3;E5;CHFU;1;Oscar and Maria
24;4;2020;3;E6;HOMA;100;Oscar and Maria
24;4;2020;3;E6;LEMA;7;Oscar and Maria
24;4;2020;3;E6;BEMA;8;Oscar and Maria
24;4;2020;3;F6;HOMA;120;Oscar and Maria
24;4;2020;3;F6;LEMA;3;Oscar and Maria
24;4;2020;3;F6;BEMA;4;Oscar and Maria
24;4;2020;3;F5;HOMA;130;Oscar and Maria
24;4;2020;3;F5;LEMA;2;Oscar and Maria
24;4;2020;3;F5;BEMA;6;Oscar and Maria
24;4;2020;3;F4;HOMA;100;Oscar and Maria
24;4;2020;3;F4;LEMA;8;Oscar and Maria
24;4;2020;3;F4;BEMA;5;Oscar and Maria
24;4;2020;3;F3;HOMA;80;Oscar and Maria
24;4;2020;3;F3;BEMA;6;Oscar and Maria
1;4;2020;3;F3;SOAS;1;Oscar and Maria
24;4;2020;3;F2;HOMA;20;Oscar and Maria
24;4;2020;3;F2;LEMA;10;Oscar and Maria
28;2;2020;3;F2;CHFU;1;Oscar and Maria
1;4;2020;3;F2;SOAS;2;Oscar and Maria
24;4;2020;3;F1;HOMA;50;Oscar and Maria
24;4;2020;3;F1;LEMA;40;Oscar and Maria
24;4;2020;6;A1;HOMA;120;Oscar and Maria
24;4;2020;6;A2;HOMA;120;Oscar and Maria
24;4;2020;6;A2;LEMA;2;Oscar and Maria
24;4;2020;6;A3;HOMA;100;Oscar and Maria
24;4;2020;6;A3;LEMA;8;Oscar and Maria
24;4;2020;6;A3;BEMA;7;Oscar and Maria
1;4;2020;6;A3;SOAS;1;Oscar and Maria
24;4;2020;6;A4;HOMA;80;Oscar and Maria
24;4;2020;6;A4;LEMA;1;Oscar and Maria
24;4;2020;6;A4;BEMA;3;Oscar and Maria
24;4;2020;6;A5;HOMA;60;Oscar and Maria
24;4;2020;6;A5;LEMA;2;Oscar and Maria
28;2;2020;6;A5;CHFU;2;Oscar and Maria
24;4;2020;6;A5;BEMA;3;Oscar and Maria
24;4;2020;6;A6;HOMA;80;Oscar and Maria
24;4;2020;6;A6;LEMA;2;Oscar and Maria
24;4;2020;6;A6;BEMA;6;Oscar and Maria
24;4;2020;6;B1;HOMA;60;Oscar and Maria
24;4;2020;6;B1;LEMA;1;Oscar and Maria
24;4;2020;6;B1;BEMA;6;Oscar and Maria
24;4;2020;6;B2;HOMA;100;Oscar and Maria
28;2;2020;6;B2;CHFU;1;Oscar and Maria
24;4;2020;6;B2;BEMA;5;Oscar and Maria
24;4;2020;6;B3;HOMA;60;Oscar and Maria
24;4;2020;6;B3;BEMA;6;Oscar and Maria
24;4;2020;6;B4;HOMA;50;Oscar and Maria
24;4;2020;6;B4;BEMA;7;Oscar and Maria
24;4;2020;6;B5;HOMA;60;Oscar and Maria
24;4;2020;6;B5;LEMA;1;Oscar and Maria
28;2;2020;6;B5;CHFU;1;Oscar and Maria
24;4;2020;6;B5;BEMA;9;Oscar and Maria
24;4;2020;6;B6;HOMA;60;Oscar and Maria
24;4;2020;6;B6;LEMA;3;Oscar and Maria
28;2;2020;6;B6;CHFU;1;Oscar and Maria
24;4;2020;6;B6;BEMA;3;Oscar and Maria
24;4;2020;6;C1;HOMA;80;Oscar and Maria
24;4;2020;6;C1;LEMA;1;Oscar and Maria
24;4;2020;6;C1;BEMA;1;Oscar and Maria
24;4;2020;6;C2;HOMA;120;Oscar and Maria
24;4;2020;6;C2;LEMA;2;Oscar and Maria
24;4;2020;6;C2;BEMA;2;Oscar and Maria
24;4;2020;6;C3;HOMA;100;Oscar and Maria
24;4;2020;6;C3;LEMA;3;Oscar and Maria
24;4;2020;6;C3;BEMA;3;Oscar and Maria
24;4;2020;6;C4;HOMA;100;Oscar and Maria
24;4;2020;6;C4;LEMA;3;Oscar and Maria
24;4;2020;6;C4;BEMA;10;Oscar and Maria
24;4;2020;6;C5;HOMA;100;Oscar and Maria
24;4;2020;6;C5;LEMA;1;Oscar and Maria
24;4;2020;6;C5;SCLA;1;Oscar and Maria
24;4;2020;6;C5;BEMA;5;Oscar and Maria
24;4;2020;6;C6;HOMA;60;Oscar and Maria
24;4;2020;6;C6;LEMA;5;Oscar and Maria
28;2;2020;6;C6;CHFU;5;Oscar and Maria
24;4;2020;6;C6;BEMA;3;Oscar and Maria
24;4;2020;6;D1;HOMA;100;Oscar and Maria
24;4;2020;6;D1;LEMA;2;Oscar and Maria
24;4;2020;6;D1;BEMA;5;Oscar and Maria
24;4;2020;6;D2;HOMA;75;Oscar and Maria
24;4;2020;6;D2;LEMA;2;Oscar and Maria
24;4;2020;6;D2;BEMA;8;Oscar and Maria
24;4;2020;6;D3;HOMA;70;Oscar and Maria
24;4;2020;6;D3;LEMA;4;Oscar and Maria
24;4;2020;6;D3;BEMA;4;Oscar and Maria
24;4;2020;6;D4;HOMA;80;Oscar and Maria
24;4;2020;6;D4;LEMA;7;Oscar and Maria
24;4;2020;6;D4;BEMA;8;Oscar and Maria
24;4;2020;6;D5;HOMA;100;Oscar and Maria
24;4;2020;6;D5;LEMA;2;Oscar and Maria
24;4;2020;6;D5;BEMA;3;Oscar and Maria
24;4;2020;6;D6;HOMA;30;Oscar and Maria
24;4;2020;6;D6;LEMA;9;Oscar and Maria
28;2;2020;6;D6;CHFU;2;Oscar and Maria
24;4;2020;6;E1;HOMA;80;Oscar and Maria
24;4;2020;6;E1;LEMA;1;Oscar and Maria
24;4;2020;6;E1;BEMA;2;Oscar and Maria
24;4;2020;6;E2;HOMA;75;Oscar and Maria
24;4;2020;6;E2;BEMA;11;Oscar and Maria
24;4;2020;6;E3;HOMA;80;Oscar and Maria
24;4;2020;6;E3;LEMA;3;Oscar and Maria
24;4;2020;6;E3;BEMA;1;Oscar and Maria
24;4;2020;6;E4;HOMA;100;Oscar and Maria
24;4;2020;6;E4;BEMA;3;Oscar and Maria
24;4;2020;6;E5;HOMA;80;Oscar and Maria
24;4;2020;6;E5;LEMA;1;Oscar and Maria
24;4;2020;6;E6;HOMA;30;Oscar and Maria
24;4;2020;6;E6;LEMA;19;Oscar and Maria
1;4;2020;6;E6;SOAS;2;Oscar and Maria
24;4;2020;6;F1;HOMA;80;Oscar and Maria
24;4;2020;6;F1;LEMA;2;Oscar and Maria
24;4;2020;6;F1;BEMA;2;Oscar and Maria
24;4;2020;6;F2;HOMA;95;Oscar and Maria
24;4;2020;6;F2;LEMA;2;Oscar and Maria
24;4;2020;6;F3;HOMA;80;Oscar and Maria
24;4;2020;6;F3;LEMA;3;Oscar and Maria
24;4;2020;6;F3;BEMA;1;Oscar and Maria
24;4;2020;6;F4;HOMA;100;Oscar and Maria
24;4;2020;6;F4;LEMA;3;Oscar and Maria
24;4;2020;6;F4;BEMA;1;Oscar and Maria
24;4;2020;6;F5;HOMA;40;Oscar and Maria
24;4;2020;6;F5;LEMA;10;Oscar and Maria
24;4;2020;6;F6;HOMA;80;Oscar and Maria
24;4;2020;6;F6;LEMA;10;Oscar and Maria
1;4;2020;6;F6;SOAS;1;Oscar and Maria
24;4;2020;6;F6;BEMA;2;Oscar and Maria
12;5;2020;1;A1;PUPA;3;Oscar
12;5;2020;1;A1;CETE;1;Oscar
12;5;2020;1;A2;CETE;25;Oscar
12;5;2020;1;A3;SASO;1;Oscar
12;5;2020;1;A3;CETE;4;Oscar
12;5;2020;1;A4;CETE;12;Oscar
12;5;2020;1;A5;CETE;6;Oscar
12;5;2020;1;A6;CETE;7;Oscar
12;5;2020;1;B1;SASO;3;Oscar
12;5;2020;1;B1;CETE;1;Oscar
12;5;2020;1;B2;SASO;2;Oscar
12;5;2020;1;B2;CETE;2;Oscar
12;5;2020;1;B3;CETE;4;Oscar
12;5;2020;1;B4;SASO;8;Oscar
12;5;2020;1;B4;CETE;1;Oscar
12;5;2020;1;B5;CETE;2;Oscar
12;5;2020;1;B6;CETE;1;Oscar
12;5;2020;1;C1;SASO;1;Oscar
12;5;2020;1;C1;CETE;2;Oscar
12;5;2020;1;C2;CETE;3;Oscar
12;5;2020;1;C4;SASO;1;Oscar
12;5;2020;1;C5;CETE;3;Oscar
12;5;2020;1;C5;PUPA;2;Oscar
12;5;2020;1;D1;SASO;1;Oscar
12;5;2020;1;D1;CETE;1;Oscar
12;5;2020;1;D3;SASO;1;Oscar
12;5;2020;1;E1;SASO;1;Oscar
12;5;2020;1;E1;CETE;4;Oscar
12;5;2020;1;E3;CETE;2;Oscar
12;5;2020;1;E4;CETE;16;Oscar
12;5;2020;1;E5;CETE;14;Oscar
12;5;2020;1;E6;CETE;4;Oscar
12;5;2020;1;F2;CETE;3;Oscar
12;5;2020;1;F3;CETE;2;Oscar
12;5;2020;1;F4;CETE;4;Oscar
12;5;2020;1;F5;CETE;2;Oscar
12;5;2020;1;F5;PUPA;7;Oscar
12;5;2020;1;F6;CETE;1;Oscar
12;5;2020;1;F6;PUPA;2;Oscar
12;5;2020;2;A1;SASO;39;Oscar
12;5;2020;2;A1;CETE;3;Oscar
12;5;2020;2;A1;PUPA;1;Oscar
12;5;2020;2;A2;SASO;11;Oscar
12;5;2020;2;A2;CETE;8;Oscar
12;5;2020;2;A2;PUPA;2;Oscar
12;5;2020;2;A3;SASO;6;Oscar
12;5;2020;2;A3;CETE;23;Oscar
12;5;2020;2;A3;PUPA;2;Oscar
12;5;2020;2;A4;CETE;12;Oscar
12;5;2020;2;A4;PUPA;2;Oscar
12;5;2020;2;A5;CETE;17;Oscar
12;5;2020;2;A5;PUPA;3;Oscar
12;5;2020;2;A6;SASO;5;Oscar
12;5;2020;2;A6;CETE;18;Oscar
12;5;2020;2;A6;PUPA;4;Oscar
12;5;2020;2;B1;CETE;3;Oscar
12;5;2020;2;B1;PUPA;2;Oscar
12;5;2020;2;B2;SASO;3;Oscar
12;5;2020;2;B2;CETE;7;Oscar
12;5;2020;2;B2;PAIN;1;Oscar
12;5;2020;2;B3;SASO;7;Oscar
12;5;2020;2;B3;CETE;28;Oscar
12;5;2020;2;B4;CETE;15;Oscar
12;5;2020;2;B4;PUPA;1;Oscar
12;5;2020;2;B5;SASO;10;Oscar
12;5;2020;2;B5;CETE;17;Oscar
12;5;2020;2;B6;SASO;37;Oscar
12;5;2020;2;B6;CETE;10;Oscar
12;5;2020;2;C1;SASO;13;Oscar
12;5;2020;2;C1;CETE;8;Oscar
12;5;2020;2;C1;PUPA;3;Oscar
12;5;2020;2;C2;SASO;24;Oscar
12;5;2020;2;C2;CETE;11;Oscar
12;5;2020;2;C3;SASO;3;Oscar
12;5;2020;2;C3;CETE;9;Oscar
12;5;2020;2;C3;PUPA;2;Oscar
12;5;2020;2;C4;SASO;2;Oscar
12;5;2020;2;C4;CETE;33;Oscar
12;5;2020;2;C5;CETE;8;Oscar
12;5;2020;2;C5;PUPA;6;Oscar
12;5;2020;2;C6;CETE;6;Oscar
12;5;2020;2;C6;PUPA;5;Oscar
12;5;2020;2;D1;CETE;15;Oscar
12;5;2020;2;D1;PUPA;1;Oscar
12;5;2020;2;D2;CETE;26;Oscar
12;5;2020;2;D3;CETE;7;Oscar
12;5;2020;2;D4;SASO;1;Oscar
12;5;2020;2;D4;CETE;8;Oscar
12;5;2020;2;D5;CETE;19;Oscar
12;5;2020;2;D5;PUPA;1;Oscar
12;5;2020;2;D5;MEEL;1;Oscar
12;5;2020;2;D6;SASO;47;Oscar
12;5;2020;2;D6;CETE;15;Oscar
12;5;2020;2;E1;CETE;12;Oscar
12;5;2020;2;E1;PUPA;1;Oscar
12;5;2020;2;E2;CETE;6;Oscar
12;5;2020;2;E2;PUPA;2;Oscar
12;5;2020;2;E3;SASO;3;Oscar
12;5;2020;2;E3;CETE;14;Oscar
12;5;2020;2;E4;CETE;11;Oscar
12;5;2020;2;E5;CETE;7;Oscar
12;5;2020;2;E5;PUPA;1;Oscar
12;5;2020;2;E6;SASO;54;Oscar
12;5;2020;2;E6;CETE;33;Oscar
12;5;2020;2;E6;PUPA;4;Oscar
12;5;2020;2;F1;CETE;1;Oscar
12;5;2020;2;F1;PUPA;1;Oscar
12;5;2020;2;F2;CETE;1;Oscar
12;5;2020;2;F3;SASO;2;Oscar
12;5;2020;2;F3;CETE;13;Oscar
12;5;2020;2;F4;CETE;8;Oscar
12;5;2020;2;F5;SASO;1;Oscar
12;5;2020;2;F5;CETE;6;Oscar
12;5;2020;2;F6;CETE;11;Oscar
12;5;2020;2;F6;PUPA;6;Oscar
12;5;2020;3;A2;CETE;1;Oscar
12;5;2020;3;A4;SASO;2;Oscar
12;5;2020;3;A4;PUPA;19;Oscar
12;5;2020;3;A5;SASO;8;Oscar
12;5;2020;3;A5;CETE;2;Oscar
12;5;2020;3;A5;PUPA;6;Oscar
12;5;2020;3;A6;CETE;1;Oscar
12;5;2020;3;A6;SASO;1;Oscar
12;5;2020;3;B1;PUPA;1;Oscar
12;5;2020;3;B4;SASO;15;Oscar
12;5;2020;3;B4;CETE;6;Oscar
12;5;2020;3;B4;PUPA;5;Oscar
12;5;2020;3;B5;SASO;5;Oscar
12;5;2020;3;B5;CETE;5;Oscar
12;5;2020;3;B5;PUPA;9;Oscar
12;5;2020;3;B6;SASO;6;Oscar
12;5;2020;3;B6;CETE;3;Oscar
12;5;2020;3;C2;CETE;3;Oscar
12;5;2020;3;C3;CETE;1;Oscar
12;5;2020;3;C4;CETE;2;Oscar
12;5;2020;3;C5;CETE;2;Oscar
12;5;2020;3;C6;SASO;17;Oscar
12;5;2020;3;C6;CETE;6;Oscar
12;5;2020;3;C6;PUPA;1;Oscar
12;5;2020;3;C6;PAIN;5;Oscar
12;5;2020;3;D2;CETE;1;Oscar
12;5;2020;3;D2;PUPA;1;Oscar
12;5;2020;3;D4;SASO;1;Oscar
12;5;2020;3;D4;CETE;12;Oscar
12;5;2020;3;D4;PUPA;3;Oscar
12;5;2020;3;D5;PUPA;9;Oscar
12;5;2020;3;D5;PAIN;6;Oscar
12;5;2020;3;D6;SASO;29;Oscar
12;5;2020;3;D6;CETE;4;Oscar
12;5;2020;3;D6;PUPA;5;Oscar
12;5;2020;3;E2;CETE;2;Oscar
12;5;2020;3;E2;PUPA;6;Oscar
12;5;2020;3;E3;CETE;5;Oscar
12;5;2020;3;E3;PUPA;2;Oscar
12;5;2020;3;E4;SASO;2;Oscar
12;5;2020;3;E4;CETE;7;Oscar
12;5;2020;3;E4;PUPA;3;Oscar
12;5;2020;3;E5;CETE;6;Oscar
12;5;2020;3;E5;PUPA;4;Oscar
12;5;2020;3;E6;SASO;39;Oscar
12;5;2020;3;E6;CETE;4;Oscar
12;5;2020;3;E6;PUPA;5;Oscar
12;5;2020;3;F1;PUPA;2;Oscar
12;5;2020;3;F3;SASO;2;Oscar
12;5;2020;3;F3;CETE;2;Oscar
12;5;2020;3;F4;SASO;8;Oscar
12;5;2020;3;F4;CETE;9;Oscar
12;5;2020;3;F4;PUPA;1;Oscar
12;5;2020;3;F4;PAIN;7;Oscar
12;5;2020;3;F5;SASO;3;Oscar
12;5;2020;3;F5;CETE;7;Oscar
12;5;2020;3;F5;PUPA;6;Oscar
12;5;2020;3;F6;CETE;2;Oscar
12;5;2020;3;F6;PUPA;2;Oscar
12;5;2020;4;A2;PAIN;9;Oscar
12;5;2020;4;B1;PAIN;3;Oscar
12;5;2020;4;B3;CETE;2;Oscar
12;5;2020;4;C1;PAIN;1;Oscar
12;5;2020;4;C2;SASO;1;Oscar
12;5;2020;4;C3;PAIN;3;Oscar
12;5;2020;4;C4;CETE;1;Oscar
12;5;2020;4;C4;PAIN;2;Oscar
12;5;2020;4;D1;PAIN;7;Oscar
12;5;2020;4;E1;PAIN;1;Oscar
12;5;2020;4;E2;SASO;1;Oscar
12;5;2020;4;E2;PAIN;1;Oscar
12;5;2020;4;E4;CETE;1;Oscar
12;5;2020;4;E4;PUPA;1;Oscar
12;5;2020;4;F4;PUPA;2;Oscar
12;5;2020;5;A1;PAIN;4;Oscar
12;5;2020;5;A2;PAIN;2;Oscar
12;5;2020;5;A3;PAIN;3;Oscar
12;5;2020;5;A4;PAIN;19;Oscar
12;5;2020;5;A5;PAIN;7;Oscar
12;5;2020;5;A6;PUPA;3;Oscar
12;5;2020;5;A6;PAIN;6;Oscar
12;5;2020;5;B1;PAIN;1;Oscar
12;5;2020;5;B2;PAIN;7;Oscar
12;5;2020;5;B3;PAIN;3;Oscar
12;5;2020;5;B4;PAIN;2;Oscar
12;5;2020;5;B5;PAIN;7;Oscar
12;5;2020;5;B6;PAIN;10;Oscar
12;5;2020;5;C1;PAIN;2;Oscar
12;5;2020;5;C2;PAIN;5;Oscar
12;5;2020;5;C3;PAIN;3;Oscar
12;5;2020;5;C5;PAIN;1;Oscar
12;5;2020;5;C6;PAIN;7;Oscar
12;5;2020;5;D1;PAIN;19;Oscar
12;5;2020;5;D2;PAIN;6;Oscar
12;5;2020;5;E1;PAIN;2;Oscar
12;5;2020;5;E6;PAIN;4;Oscar
12;5;2020;5;F1;PAIN;1;Oscar
12;5;2020;5;F3;PAIN;14;Oscar
12;5;2020;5;F4;PAIN;8;Oscar
12;5;2020;5;F5;PAIN;6;Oscar
12;5;2020;6;A2;PAIN;3;Oscar
12;5;2020;6;A3;PAIN;6;Oscar
12;5;2020;6;A4;PAIN;1;Oscar
12;5;2020;6;A5;PAIN;2;Oscar
12;5;2020;6;B1;PAIN;2;Oscar
12;5;2020;6;B2;PAIN;5;Oscar
12;5;2020;6;B3;PAIN;11;Oscar
12;5;2020;6;B4;PAIN;4;Oscar
12;5;2020;6;B5;PAIN;3;Oscar
12;5;2020;6;B6;PAIN;2;Oscar
12;5;2020;6;C3;PAIN;7;Oscar
12;5;2020;6;C3;PUPA;1;Oscar
12;5;2020;6;C4;PUPA;2;Oscar
12;5;2020;6;C4;PAIN;1;Oscar
12;5;2020;6;C6;PAIN;2;Oscar
12;5;2020;6;D2;PAIN;5;Oscar
12;5;2020;6;D3;PAIN;9;Oscar
12;5;2020;6;D5;PAIN;3;Oscar
12;5;2020;6;E1;PAIN;2;Oscar
12;5;2020;6;E2;PAIN;6;Oscar
12;5;2020;6;E3;PAIN;18;Oscar
12;5;2020;6;F1;PAIN;5;Oscar
12;5;2020;6;F2;PAIN;7;Oscar
12;5;2020;6;F6;PAIN;1;Oscar
12;5;2020;7;A1;CETE;10;Oscar
12;5;2020;7;A1;PUPA;5;Oscar
12;5;2020;7;A1;SASO;4;Oscar
12;5;2020;7;A2;SASO;6;Oscar
12;5;2020;7;A2;CETE;6;Oscar
12;5;2020;7;A2;PUPA;4;Oscar
12;5;2020;7;A3;CETE;1;Oscar
13;2;2020;7;A3;RAPE;1;Oscar
12;5;2020;7;A4;CETE;24;Oscar
12;5;2020;7;A4;PUPA;4;Oscar
12;5;2020;7;A5;CETE;36;Oscar
12;5;2020;7;A5;PUPA;15;Oscar
13;2;2020;7;A5;RAPE;1;Oscar
12;5;2020;7;A6;SASO;4;Oscar
12;5;2020;7;A6;CETE;19;Oscar
12;5;2020;7;A6;PUPA;10;Oscar
12;5;2020;7;B1;SASO;19;Oscar
12;5;2020;7;B1;CETE;8;Oscar
12;5;2020;7;B1;PUPA;3;Oscar
12;5;2020;7;B2;SASO;23;Oscar
12;5;2020;7;B2;PUPA;1;Oscar
13;2;2020;7;B2;RAPE;1;Oscar
12;5;2020;7;B3;SASO;4;Oscar
12;5;2020;7;B3;CETE;3;Oscar
12;5;2020;7;B3;PUPA;22;Oscar
12;5;2020;7;B4;SASO;5;Oscar
12;5;2020;7;B4;CETE;39;Oscar
12;5;2020;7;B5;SASO;3;Oscar
12;5;2020;7;B5;CETE;68;Oscar
12;5;2020;7;B5;PUPA;5;Oscar
12;5;2020;7;B6;SASO;1;Oscar
12;5;2020;7;B6;CETE;24;Oscar
12;5;2020;7;B6;PUPA;29;Oscar
13;2;2020;7;B6;RAPE;1;Oscar
12;5;2020;7;C1;SASO;19;Oscar
12;5;2020;7;C1;CETE;2;Oscar
12;5;2020;7;C1;PUPA;3;Oscar
12;5;2020;7;C2;SASO;36;Oscar
12;5;2020;7;C2;PUPA;2;Oscar
12;5;2020;7;C3;SASO;11;Oscar
12;5;2020;7;C3;CETE;7;Oscar
12;5;2020;7;C3;PUPA;18;Oscar
12;5;2020;7;C4;SASO;4;Oscar
12;5;2020;7;C4;CETE;15;Oscar
12;5;2020;7;C4;PUPA;3;Oscar
13;2;2020;7;C4;RAPE;2;Oscar
12;5;2020;7;C5;SASO;3;Oscar
12;5;2020;7;C5;CETE;29;Oscar
12;5;2020;7;C5;PUPA;15;Oscar
12;5;2020;7;C6;SASO;1;Oscar
12;5;2020;7;C6;CETE;13;Oscar
12;5;2020;7;C6;PUPA;25;Oscar
13;2;2020;7;C6;RAPE;1;Oscar
12;5;2020;7;D1;SASO;9;Oscar
12;5;2020;7;D1;CETE;2;Oscar
12;5;2020;7;D1;PUPA;1;Oscar
12;5;2020;7;D2;SASO;11;Oscar
12;5;2020;7;D2;CETE;1;Oscar
12;5;2020;7;D3;SASO;9;Oscar
12;5;2020;7;D3;CETE;20;Oscar
12;5;2020;7;D3;PUPA;6;Oscar
12;5;2020;7;D4;SASO;4;Oscar
12;5;2020;7;D4;CETE;13;Oscar
12;5;2020;7;D5;SASO;1;Oscar
12;5;2020;7;D5;CETE;8;Oscar
12;5;2020;7;D6;SASO;3;Oscar
12;5;2020;7;D6;CETE;9;Oscar
12;5;2020;7;D6;PUPA;5;Oscar
12;5;2020;7;E1;SASO;1;Oscar
12;5;2020;7;E2;SASO;1;Oscar
12;5;2020;7;E2;CETE;6;Oscar
12;5;2020;7;E2;PUPA;4;Oscar
12;5;2020;7;E3;SASO;10;Oscar
12;5;2020;7;E3;CETE;21;Oscar
12;5;2020;7;E3;PUPA;8;Oscar
13;2;2020;7;E3;RAPE;1;Oscar
12;5;2020;7;E4;SASO;7;Oscar
12;5;2020;7;E4;CETE;4;Oscar
12;5;2020;7;E4;PUPA;9;Oscar
12;5;2020;7;E5;SASO;14;Oscar
12;5;2020;7;E5;CETE;5;Oscar
12;5;2020;7;E5;PUPA;1;Oscar
12;5;2020;7;E6;SASO;3;Oscar
12;5;2020;7;E6;CETE;12;Oscar
12;5;2020;7;E6;PUPA;8;Oscar
12;5;2020;7;F2;PUPA;1;Oscar
12;5;2020;7;F3;SASO;4;Oscar
12;5;2020;7;F3;CETE;3;Oscar
12;5;2020;7;F3;PUPA;1;Oscar
12;5;2020;7;F4;CETE;7;Oscar
12;5;2020;7;F4;PUPA;9;Oscar
12;5;2020;7;F5;SASO;16;Oscar
12;5;2020;7;F5;CETE;3;Oscar
12;5;2020;7;F5;PUPA;5;Oscar
12;5;2020;7;F6;SASO;93;Oscar
12;5;2020;7;F6;CETE;2;Oscar
12;5;2020;8;A1;CETE;3;Oscar
12;5;2020;8;A1;PUPA;1;Oscar
13;2;2020;8;A1;RAPE;1;Oscar
12;5;2020;8;A2;SASO;3;Oscar
12;5;2020;8;A2;CETE;2;Oscar
12;5;2020;8;A2;PUPA;19;Oscar
12;5;2020;8;A3;SASO;1;Oscar
12;5;2020;8;A3;CETE;16;Oscar
12;5;2020;8;A3;PUPA;16;Oscar
13;2;2020;8;A3;RAPE;1;Oscar
12;5;2020;8;A4;CETE;17;Oscar
12;5;2020;8;A4;PUPA;26;Oscar
12;5;2020;8;A5;CETE;27;Oscar
12;5;2020;8;A5;PUPA;46;Oscar
12;5;2020;8;A6;SASO;2;Oscar
12;5;2020;8;A6;CETE;3;Oscar
12;5;2020;8;A6;PUPA;18;Oscar
12;5;2020;8;B1;SASO;2;Oscar
12;5;2020;8;B1;CETE;4;Oscar
12;5;2020;8;B1;PUPA;6;Oscar
12;5;2020;8;B2;SASO;3;Oscar
12;5;2020;8;B2;CETE;5;Oscar
12;5;2020;8;B2;PUPA;12;Oscar
12;5;2020;8;B3;SASO;1;Oscar
12;5;2020;8;B3;CETE;6;Oscar
12;5;2020;8;B3;PUPA;14;Oscar
12;5;2020;8;B4;CETE;17;Oscar
12;5;2020;8;B4;PUPA;19;Oscar
12;5;2020;8;B5;CETE;19;Oscar
12;5;2020;8;B5;PUPA;8;Oscar
13;2;2020;8;B5;RAPE;2;Oscar
12;5;2020;8;B6;CETE;6;Oscar
12;5;2020;8;B6;PUPA;13;Oscar
12;5;2020;8;C1;SASO;1;Oscar
12;5;2020;8;C1;CETE;13;Oscar
12;5;2020;8;C1;PUPA;15;Oscar
12;5;2020;8;C2;CETE;11;Oscar
12;5;2020;8;C2;PUPA;7;Oscar
12;5;2020;8;C3;CETE;7;Oscar
12;5;2020;8;C3;PUPA;15;Oscar
12;5;2020;8;C4;CETE;26;Oscar
12;5;2020;8;C4;PUPA;49;Oscar
12;5;2020;8;C5;CETE;28;Oscar
12;5;2020;8;C5;PUPA;51;Oscar
13;2;2020;8;C5;RAPE;1;Oscar
12;5;2020;8;C6;CETE;34;Oscar
12;5;2020;8;C6;PUPA;46;Oscar
12;5;2020;8;D1;CETE;6;Oscar
12;5;2020;8;D1;PUPA;3;Oscar
12;5;2020;8;D2;CETE;7;Oscar
12;5;2020;8;D2;PUPA;16;Oscar
12;5;2020;8;D3;CETE;44;Oscar
12;5;2020;8;D3;PUPA;58;Oscar
12;5;2020;8;D4;CETE;27;Oscar
12;5;2020;8;D4;PUPA;22;Oscar
12;5;2020;8;D5;CETE;39;Oscar
12;5;2020;8;D5;PUPA;42;Oscar
12;5;2020;8;D6;SASO;3;Oscar
12;5;2020;8;D6;CETE;45;Oscar
12;5;2020;8;D6;PUPA;66;Oscar
12;5;2020;8;E1;SASO;8;Oscar
12;5;2020;8;E1;CETE;10;Oscar
12;5;2020;8;E1;PUPA;1;Oscar
13;2;2020;8;E1;RAPE;2;Oscar
12;5;2020;8;E2;CETE;15;Oscar
12;5;2020;8;E2;PUPA;24;Oscar
12;5;2020;8;E3;CETE;26;Oscar
12;5;2020;8;E3;PUPA;37;Oscar
12;5;2020;8;E4;CETE;57;Oscar
12;5;2020;8;E4;PUPA;45;Oscar
12;5;2020;8;E5;CETE;24;Oscar
12;5;2020;8;E5;PUPA;61;Oscar
12;5;2020;8;E6;CETE;68;Oscar
12;5;2020;8;E6;PUPA;70;Oscar
12;5;2020;8;F1;SASO;16;Oscar
12;5;2020;8;F1;CETE;11;Oscar
12;5;2020;8;F1;PUPA;6;Oscar
12;5;2020;8;F2;SASO;8;Oscar
12;5;2020;8;F2;CETE;3;Oscar
12;5;2020;8;F2;PUPA;1;Oscar
12;5;2020;8;F3;SASO;2;Oscar
12;5;2020;8;F3;PUPA;1;Oscar
12;5;2020;8;F4;CETE;11;Oscar
12;5;2020;8;F4;PUPA;1;Oscar
12;5;2020;8;F5;SASO;1;Oscar
12;5;2020;8;F5;CETE;28;Oscar
12;5;2020;8;F5;PUPA;26;Oscar
12;5;2020;8;F6;CETE;35;Oscar
12;5;2020;8;F6;PUPA;42;Oscar
12;5;2020;9;A1;CETE;1;Oscar
12;5;2020;9;A1;ANAR;1;Oscar
12;5;2020;9;A2;ANAR;2;Oscar
12;5;2020;9;A3;PUPA;3;Oscar
12;5;2020;9;A3;ACHI;2;Oscar
12;5;2020;9;A3;ANAR;2;Oscar
12;5;2020;9;A4;CETE;5;Oscar
12;5;2020;9;A4;PUPA;1;Oscar
12;5;2020;9;A4;ACHI;2;Oscar
12;5;2020;9;A4;ANAR;3;Oscar
12;5;2020;9;A5;CETE;4;Oscar
12;5;2020;9;A5;PUPA;2;Oscar
12;5;2020;9;A6;CETE;6;Oscar
12;5;2020;9;A6;PUPA;1;Oscar
12;5;2020;9;A6;ACHI;5;Oscar
12;5;2020;9;A6;ANAR;1;Oscar
12;5;2020;9;B1;CETE;1;Oscar
12;5;2020;9;B1;PUPA;2;Oscar
12;5;2020;9;B2;CETE;4;Oscar
12;5;2020;9;B2;PUPA;1;Oscar
12;5;2020;9;B2;ACHI;2;Oscar
12;5;2020;9;B2;ANAR;1;Oscar
12;5;2020;9;B3;CETE;6;Oscar
12;5;2020;9;B3;PUPA;2;Oscar
12;5;2020;9;B3;ACHI;1;Oscar
12;5;2020;9;B3;ANAR;2;Oscar
12;5;2020;9;B4;CETE;2;Oscar
12;5;2020;9;B4;PUPA;3;Oscar
12;5;2020;9;B4;ANAR;1;Oscar
12;5;2020;9;B5;PUPA;31;Oscar
12;5;2020;9;B5;ANAR;2;Oscar
12;5;2020;9;B6;CETE;6;Oscar
12;5;2020;9;B6;PUPA;12;Oscar
12;5;2020;9;B6;ACHI;1;Oscar
12;5;2020;9;B6;ANAR;1;Oscar
12;5;2020;9;C1;CETE;4;Oscar
12;5;2020;9;C2;CETE;3;Oscar
12;5;2020;9;C2;ANAR;1;Oscar
12;5;2020;9;C3;PUPA;1;Oscar
12;5;2020;9;C4;CETE;2;Oscar
12;5;2020;9;C4;PUPA;1;Oscar
12;5;2020;9;C4;ANAR;3;Oscar
12;5;2020;9;C5;CETE;4;Oscar
12;5;2020;9;C5;PUPA;1;Oscar
12;5;2020;9;C5;ACHI;2;Oscar
12;5;2020;9;C5;ANAR;1;Oscar
12;5;2020;9;C6;CETE;1;Oscar
12;5;2020;9;C6;PUPA;1;Oscar
12;5;2020;9;C6;ACHI;14;Oscar
12;5;2020;9;D1;ANAR;3;Oscar
12;5;2020;9;D2;CETE;11;Oscar
12;5;2020;9;D2;PUPA;2;Oscar
12;5;2020;9;D2;ANAR;3;Oscar
12;5;2020;9;D3;CETE;12;Oscar
12;5;2020;9;D3;PUPA;1;Oscar
12;5;2020;9;D4;ANAR;1;Oscar
12;5;2020;9;D5;CETE;6;Oscar
12;5;2020;9;D5;PUPA;7;Oscar
12;5;2020;9;D5;ANAR;1;Oscar
12;5;2020;9;D6;CETE;4;Oscar
12;5;2020;9;D6;PUPA;1;Oscar
12;5;2020;9;D6;ACHI;2;Oscar
12;5;2020;9;E1;CETE;11;Oscar
12;5;2020;9;E1;PUPA;14;Oscar
12;5;2020;9;E2;CETE;4;Oscar
12;5;2020;9;E3;CETE;6;Oscar
12;5;2020;9;E3;PUPA;3;Oscar
12;5;2020;9;E4;CETE;8;Oscar
12;5;2020;9;E4;ANAR;2;Oscar
12;5;2020;9;E5;CETE;5;Oscar
12;5;2020;9;E5;PUPA;3;Oscar
12;5;2020;9;E5;ANAR;2;Oscar
12;5;2020;9;E6;CETE;3;Oscar
12;5;2020;9;E6;PUPA;9;Oscar
12;5;2020;9;E6;ACHI;7;Oscar
12;5;2020;9;F1;PUPA;15;Oscar
12;5;2020;9;F1;SUSP;8;Oscar
12;5;2020;9;F2;SUSP;3;Oscar
12;5;2020;9;F3;SUSP;42;Oscar
12;5;2020;9;F3;SASO;1;Oscar
12;5;2020;9;F4;SUSP;11;Oscar
12;5;2020;9;F5;CETE;26;Oscar
12;5;2020;9;F5;PUPA;5;Oscar
12;5;2020;9;F5;SUSP;1;Oscar
12;5;2020;9;F6;CETE;8;Oscar
12;5;2020;9;F6;PUPA;8;Oscar
12;5;2020;9;F6;ANAR;2;Oscar
12;5;2020;7;D2;COSQ;1;Oscar
12;5;2020;7;F1;COSQ;1;Oscar
12;5;2020;8;F1;COSQ;1;Oscar
