"Day";"Month";"plot";"subplot";"Group";"vis";"Plant";"individuals";"seed";"fruit";"visits";"flowers";"x_coor2";"y_coor2";"neigh_inter.plot";"neigh_intra.plot";"neigh_intra.3m";"neigh_inter.3m";"neigh_inter.1m";"neigh_intra.1m";"neigh_inter.7.5";"neigh_intra.7.5";"flowers2";"unique_id"
1;6;1;"B2";"Beetle";10;"LEMA";39;80,5;32;10;8;2;2;867;1869;379;234;18;39;0;2;8;"1_B2_LEMA_Beetle"
1;6;1;"B4";"Beetle";12;"LEMA";63;65;38;12;7;2;5;867;1869;378;126;20;63;0;3;7;"1_B4_LEMA_Beetle"
1;6;1;"B5";"Beetle";9;"LEMA";43;69,3333333333333;18;9;3;2;6,5;867;1869;393;130;8;43;0;3;3;"1_B5_LEMA_Beetle"
1;6;1;"C2";"Beetle";8;"LEMA";32;89,5;43;8;8;3,5;2;867;1869;465;108;40;32;0;0;8;"1_C2_LEMA_Beetle"
1;6;1;"C3";"Beetle";6;"LEMA";51;58;14;6;11;3,5;3,5;867;1869;431;132;12;51;0;3;11;"1_C3_LEMA_Beetle"
1;6;1;"C4";"Beetle";5;"LEMA";64;59;4;5;5;3,5;5;867;1869;475;101;10;64;0;3;5;"1_C4_LEMA_Beetle"
1;6;1;"C5";"Beetle";1;"LEMA";80;67;23;1;11;3,5;6,5;867;1869;441;104;15;80;1;2;11;"1_C5_LEMA_Beetle"
1;6;1;"D2";"Beetle";9;"LEMA";57;75;12;9;13;5;2;867;1869;466;143;15;57;0;0;13;"1_D2_LEMA_Beetle"
1;6;1;"D3";"Beetle";5;"LEMA";76;62;4;5;14;5;3,5;867;1869;401;134;12;76;0;3;14;"1_D3_LEMA_Beetle"
1;6;1;"D4";"Beetle";12;"LEMA";45;66,5;13;12;20;5;5;867;1869;499;127;5;45;1;2;20;"1_D4_LEMA_Beetle"
1;6;1;"D5";"Beetle";9;"LEMA";62;65;19;9;17;5;6,5;867;1869;496;145;17;62;1;3;17;"1_D5_LEMA_Beetle"
1;6;1;"E2";"Beetle";10;"LEMA";57;76,5;13;10;7;6,5;2;867;1869;420;265;13;57;1;2;7;"1_E2_LEMA_Beetle"
1;6;1;"E3";"Beetle";7;"LEMA";46;51,5;17;7;12;6,5;3,5;867;1869;431;186;16;46;2;2;12;"1_E3_LEMA_Beetle"
1;6;1;"E3";"Fly";2;"LEMA";46;51,5;17;2;12;6,5;3,5;867;1869;431;186;16;46;2;2;12;"1_E3_LEMA_Fly"
1;6;1;"E4";"Beetle";5;"LEMA";49;67;20;5;14;6,5;5;867;1869;465;157;23;49;5;0;14;"1_E4_LEMA_Beetle"
1;6;1;"E5";"Beetle";3;"LEMA";71;59;12;3;13;6,5;6,5;867;1869;467;177;22;71;1;3;13;"1_E5_LEMA_Beetle"
1;6;1;"E5";"Fly";3;"LEMA";71;59;12;3;13;6,5;6,5;867;1869;467;177;22;71;1;3;13;"1_E5_LEMA_Fly"
1;6;2;"B2";"Beetle";8;"LEMA";74;54;8;8;20;35;28;1545;2831;529;372;25;74;0;6;20;"2_B2_LEMA_Beetle"
1;6;2;"B2";"Fly";1;"CETE";7;111;16;1;15;35;28;3927;449;93;808;92;7;3;4;15;"2_B2_CETE_Fly"
1;6;2;"B2";"Fly";5;"LEMA";74;54;8;5;20;35;28;1545;2831;529;372;25;74;0;6;20;"2_B2_LEMA_Fly"
1;6;2;"B3";"Beetle";10;"LEMA";65;73;6;10;17;35;29,5;1545;2831;647;335;41;65;6;0;17;"2_B3_LEMA_Beetle"
1;6;2;"B4";"Beetle";15;"LEMA";93;50,3333333333333;18;15;20;35;31;1545;2831;709;344;30;93;8;1;20;"2_B4_LEMA_Beetle"
1;6;2;"B5";"Beetle";12;"LEMA";80;63;3;12;9;35;32,5;1545;2831;794;372;46;80;0;2;9;"2_B5_LEMA_Beetle"
1;6;2;"C2";"Beetle";4;"LEMA";55;80;19;4;13;36,5;28;1545;2831;527;292;61;55;7;1;13;"2_C2_LEMA_Beetle"
1;6;2;"C3";"Beetle";5;"LEMA";50;105,5;4;5;17;36,5;29,5;1545;2831;554;311;30;50;0;2;17;"2_C3_LEMA_Beetle"
1;6;2;"C4";"Beetle";4;"LEMA";114;40;10;4;18;36,5;31;1545;2831;566;284;46;114;10;1;18;"2_C4_LEMA_Beetle"
1;6;2;"C5";"Beetle";6;"LEMA";125;111;6;6;7;36,5;32,5;1545;2831;643;419;37;125;1;2;7;"2_C5_LEMA_Beetle"
1;6;2;"D2";"Beetle";6;"LEMA";53;48;9;6;0;38;28;1545;2831;501;298;56;53;1;2;0;"2_D2_LEMA_Beetle"
1;6;2;"D3";"Beetle";4;"LEMA";47;32;12;4;0;38;29,5;1545;2831;509;303;30;47;0;5;0;"2_D3_LEMA_Beetle"
1;6;2;"D4";"Beetle";4;"LEMA";53;29;6;4;0;38;31;1545;2831;553;293;22;53;3;5;0;"2_D4_LEMA_Beetle"
1;6;2;"D5";"Beetle";4;"LEMA";53;57;10;4;0;38;32,5;1545;2831;668;441;48;53;4;4;0;"2_D5_LEMA_Beetle"
1;6;2;"E2";"Beetle";8;"LEMA";61;110;14;8;0;39,5;28;1545;2831;542;247;18;61;1;0;0;"2_E2_LEMA_Beetle"
1;6;2;"E3";"Beetle";6;"LEMA";46;155;6;6;0;39,5;29,5;1545;2831;494;218;37;46;1;1;0;"2_E3_LEMA_Beetle"
1;6;2;"E4";"Beetle";8;"LEMA";77;18;13;8;0;39,5;31;1545;2831;545;275;33;77;11;0;0;"2_E4_LEMA_Beetle"
1;6;2;"E5";"Beetle";6;"LEMA";41;45,5;14;6;0;39,5;32,5;1545;2831;710;433;32;41;8;0;0;"2_E5_LEMA_Beetle"
1;6;3;"B2";"Beetle";2;"LEMA";8;58;3;2;6;80;56;5887;887;82;1481;195;8;9;1;6;"3_B2_LEMA_Beetle"
1;6;3;"B3";"Beetle";2;"LEMA";10;52,5;14;2;2;80;57,5;5887;887;122;1452;148;10;3;0;2;"3_B3_LEMA_Beetle"
1;6;3;"B5";"Beetle";2;"LEMA";28;59,3333333333333;5;2;3;80;60,5;5887;887;206;1257;221;28;9;0;3;"3_B5_LEMA_Beetle"
1;6;3;"C2";"Beetle";3;"LEMA";14;53;2;3;NA;81,5;56;5887;887;67;1473;145;14;5;1;0;"3_C2_LEMA_Beetle"
1;6;3;"C3";"Beetle";5;"LEMA";11;42;15;5;NA;81,5;57,5;5887;887;102;1530;107;11;3;0;0;"3_C3_LEMA_Beetle"
1;6;3;"C4";"Beetle";5;"LEMA";10;40;1;5;NA;81,5;59;5887;887;176;1280;232;10;8;0;0;"3_C4_LEMA_Beetle"
1;6;3;"C5";"Beetle";1;"LEMA";39;58;10;1;NA;81,5;60,5;5887;887;235;1408;99;39;4;1;0;"3_C5_LEMA_Beetle"
1;6;3;"D2";"Beetle";3;"LEMA";8;58;18;3;6;83;56;5887;887;90;1429;201;8;1;0;6;"3_D2_LEMA_Beetle"
1;6;3;"D3";"Beetle";4;"LEMA";10;58;6,5;4;3;83;57,5;5887;887;139;1418;225;10;7;0;3;"3_D3_LEMA_Beetle"
1;6;3;"D5";"Beetle";2;"LEMA";36;35;4;2;13;83;60,5;5887;887;293;1273;96;36;4;2;13;"3_D5_LEMA_Beetle"
1;6;3;"D5";"Fly";2;"LEMA";36;35;4;2;13;83;60,5;5887;887;293;1273;96;36;4;2;13;"3_D5_LEMA_Fly"
1;6;3;"E2";"Beetle";4;"LEMA";9;58;2;4;14;84,5;56;5887;887;118;1427;217;9;1;0;14;"3_E2_LEMA_Beetle"
1;6;3;"E2";"Fly";1;"LEMA";9;58;2;1;14;84,5;56;5887;887;118;1427;217;9;1;0;14;"3_E2_LEMA_Fly"
1;6;3;"E3";"Beetle";2;"LEMA";26;46;16;2;23;84,5;57,5;5887;887;196;1379;155;26;0;1;23;"3_E3_LEMA_Beetle"
1;6;3;"E3";"Fly";1;"LEMA";26;46;16;1;23;84,5;57,5;5887;887;196;1379;155;26;0;1;23;"3_E3_LEMA_Fly"
1;6;3;"E4";"Beetle";3;"LEMA";37;58;9;3;15;84,5;59;5887;887;314;1113;152;37;4;2;15;"3_E4_LEMA_Beetle"
1;6;3;"E5";"Beetle";2;"LEMA";53;67,5;6;2;5;84,5;60,5;5887;887;383;956;133;53;11;1;5;"3_E5_LEMA_Beetle"
1;6;5;"B4";"Beetle";1;"LEMA";12;58;2;1;15;124;157;2657;294;46;592;45;12;7;0;15;"5_B4_LEMA_Beetle"
1;6;5;"B5";"Beetle";3;"LEMA";3;58;1;3;2;124;158,5;2657;294;50;620;69;3;5;0;2;"5_B5_LEMA_Beetle"
1;6;5;"C2";"Beetle";1;"LEMA";9;51;1;1;5;125,5;154;2657;294;49;564;71;9;15;0;5;"5_C2_LEMA_Beetle"
1;6;5;"C4";"Beetle";3;"LEMA";8;39;4;3;6;125,5;157;2657;294;57;442;59;8;5;0;6;"5_C4_LEMA_Beetle"
1;6;5;"D2";"Beetle";4;"LEMA";7;58;1;4;9;127;154;2657;294;57;572;59;7;8;0;9;"5_D2_LEMA_Beetle"
1;6;5;"D5";"Beetle";2;"LEMA";9;58;1;2;11;127;158,5;2657;294;67;556;30;9;8;0;11;"5_D5_LEMA_Beetle"
1;6;7;"B2";"Beetle";2;"LEMA";28;58;6;2;1;235;289;6322;1245;252;1436;112;28;2;3;1;"7_B2_LEMA_Beetle"
1;6;7;"B3";"Beetle";1;"LEMA";20;58;5;1;0;235;290,5;6322;1245;293;1577;175;20;5;3;0;"7_B3_LEMA_Beetle"
1;6;7;"B4";"Beetle";2;"LEMA";42;73;7;2;0;235;292;6322;1245;285;1667;250;42;2;3;0;"7_B4_LEMA_Beetle"
1;6;7;"B5";"Beetle";3;"LEMA";7;13;3;3;0;235;293,5;6322;1245;347;1452;326;7;1;3;0;"7_B5_LEMA_Beetle"
1;6;7;"C2";"Beetle";1;"LEMA";28;50;5;1;3;236,5;289;6322;1245;207;1080;177;28;4;2;3;"7_C2_LEMA_Beetle"
1;6;7;"C3";"Beetle";1;"LEMA";24;58;2;1;2;236,5;290,5;6322;1245;265;1305;122;24;5;2;2;"7_C3_LEMA_Beetle"
1;6;7;"C4";"Beetle";3;"LEMA";36;58;2;3;3;236,5;292;6322;1245;308;1443;119;36;4;5;3;"7_C4_LEMA_Beetle"
1;6;7;"C5";"Beetle";1;"LEMA";48;49;1;1;0;236,5;293,5;6322;1245;298;1428;106;48;5;3;0;"7_C5_LEMA_Beetle"
1;6;7;"D5";"Beetle";1;"LEMA";72;58;3;1;1;238;293,5;6322;1245;333;1145;117;72;13;0;1;"7_D5_LEMA_Beetle"
1;6;7;"E2";"Beetle";6;"LEMA";32;58;6;6;3;239,5;289;6322;1245;164;1248;186;32;7;1;3;"7_E2_LEMA_Beetle"
1;6;7;"E4";"Beetle";3;"LEMA";52;58;3;3;0;239,5;292;6322;1245;358;1235;165;52;3;1;0;"7_E4_LEMA_Beetle"
1;6;7;"E5";"Beetle";1;"LEMA";52;58;2;1;0;239,5;293,5;6322;1245;363;1385;177;52;0;4;0;"7_E5_LEMA_Beetle"
1;6;8;"B2";"Beetle";5;"LEMA";40;58;5;5;0;274;270;6812;888;228;1405;184;40;3;2;0;"8_B2_LEMA_Beetle"
1;6;8;"B3";"Beetle";2;"LEMA";72;48;4;2;0;274;271,5;6812;888;233;1387;113;72;4;0;0;"8_B3_LEMA_Beetle"
1;6;8;"B4";"Beetle";4;"LEMA";31;58;4;4;0;274;273;6812;888;222;1642;172;31;5;0;0;"8_B4_LEMA_Beetle"
1;6;8;"B5";"Beetle";2;"LEMA";7;58;2;2;0;274;274,5;6812;888;169;1680;318;7;17;0;0;"8_B5_LEMA_Beetle"
1;6;8;"C2";"Beetle";1;"LEMA";31;58;4;1;0;275,5;270;6812;888;290;1354;230;31;8;0;0;"8_C2_LEMA_Beetle"
1;6;8;"C3";"Beetle";1;"LEMA";24;58;3;1;0;275,5;271,5;6812;888;299;1334;104;24;3;0;0;"8_C3_LEMA_Beetle"
1;6;8;"C4";"Beetle";4;"LEMA";42;58;1;4;0;275,5;273;6812;888;218;1486;192;42;5;5;0;"8_C4_LEMA_Beetle"
1;6;8;"C5";"Beetle";3;"LEMA";14;58;2;3;0;275,5;274,5;6812;888;174;1517;215;14;8;0;0;"8_C5_LEMA_Beetle"
1;6;8;"D2";"Beetle";1;"LEMA";38;58;4;1;0;277;270;6812;888;235;1571;147;38;1;2;0;"8_D2_LEMA_Beetle"
1;6;8;"D4";"Beetle";2;"LEMA";21;58;7;2;0;277;273;6812;888;191;1566;105;21;6;0;0;"8_D4_LEMA_Beetle"
1;6;8;"D5";"Beetle";1;"LEMA";25;58;5;1;0;277;274,5;6812;888;182;1570;268;25;11;0;0;"8_D5_LEMA_Beetle"
1;6;8;"D5";"Beetle";1;"PUPA";42;3;9;1;76;277;274,5;6797;903;410;1342;251;42;2;0;76;"8_D5_PUPA_Beetle"
1;6;8;"E3";"Beetle";1;"LEMA";19;58;4;1;0;278,5;271,5;6812;888;165;1099;214;19;7;0;0;"8_E3_LEMA_Beetle"
1;6;8;"E4";"Beetle";3;"LEMA";26;58;3;3;0;278,5;273;6812;888;143;1382;180;26;4;2;0;"8_E4_LEMA_Beetle"
1;6;8;"E5";"Beetle";1;"LEMA";17;58;11;1;0;278,5;274,5;6812;888;177;1449;202;17;7;0;0;"8_E5_LEMA_Beetle"
1;6;8;"E5";"Fly";3;"LEMA";17;58;11;3;0;278,5;274,5;6812;888;177;1449;202;17;7;0;0;"8_E5_LEMA_Fly"
1;6;9;"B2";"Beetle";4;"LEMA";10;58;12;4;6;314;286;2551;229;55;444;46;10;4;0;6;"9_B2_LEMA_Beetle"
1;6;9;"B3";"Beetle";3;"LEMA";6;58;15;3;9;314;287,5;2551;229;64;448;52;6;0;0;9;"9_B3_LEMA_Beetle"
1;6;9;"B4";"Beetle";1;"CHMI";1;14;5;1;0;314;289;2759;21;6;530;74;1;1;0;0;"9_B4_CHMI_Beetle"
1;6;9;"B4";"Beetle";8;"LEMA";9;58;4;8;7;314;289;2551;229;44;492;66;9;4;0;7;"9_B4_LEMA_Beetle"
1;6;9;"C2";"Beetle";4;"LEMA";17;58;8;4;2;315,5;286;2551;229;66;481;56;17;3;0;2;"9_C2_LEMA_Beetle"
1;6;9;"C3";"Beetle";4;"LEMA";7;58;5;4;0;315,5;287,5;2551;229;80;463;58;7;5;0;0;"9_C3_LEMA_Beetle"
1;6;9;"C4";"Beetle";6;"LEMA";12;58;7;6;4;315,5;289;2551;229;58;525;58;12;1;0;4;"9_C4_LEMA_Beetle"
1;6;9;"D2";"Beetle";4;"LEMA";9;30;9;4;0;317;286;2551;229;59;600;63;9;4;0;0;"9_D2_LEMA_Beetle"
1;6;9;"D3";"Beetle";6;"LEMA";4;58;4;6;0;317;287,5;2551;229;68;526;78;4;4;0;0;"9_D3_LEMA_Beetle"
1;6;9;"D5";"Beetle";1;"LEMA";8;48;15;1;6;317;290,5;2551;229;70;546;76;8;1;0;6;"9_D5_LEMA_Beetle"
1;6;9;"E3";"Beetle";2;"LEMA";3;58;3;2;0;318,5;287,5;2551;229;33;633;74;3;3;0;0;"9_E3_LEMA_Beetle"
1;6;9;"E4";"Beetle";2;"LEMA";7;58;10;2;0;318,5;289;2551;229;31;663;80;7;0;0;0;"9_E4_LEMA_Beetle"
1;6;9;"E5";"Beetle";3;"LEMA";3;58;5;3;1;318,5;290,5;2551;229;57;623;73;3;2;0;1;"9_E5_LEMA_Beetle"
5;3;1;"B4";"Fly";1;"CHFU";4;32;19;1;7;2;5;2704;32;12;492;79;4;4;0;7;"1_B4_CHFU_Fly"
5;3;1;"E3";"Fly";3;"CHFU";1;25;1;3;4;6,5;3,5;2704;32;5;612;62;0;4;0;4;"1_E3_CHFU_Fly"
5;3;2;"B2";"Fly";2;"CHFU";4;32;2;2;4;35;28;4334;42;34;867;95;4;3;2;4;"2_B2_CHFU_Fly"
5;3;2;"B3";"Fly";1;"CHFU";1;21;6;1;7;35;29,5;4334;42;24;958;106;0;17;0;7;"2_B3_CHFU_Fly"
5;3;2;"C2";"Fly";2;"CHFU";7;32;2;2;11;36,5;28;4334;42;24;795;109;7;4;0;11;"2_C2_CHFU_Fly"
5;3;2;"D4";"Fly";1;"CHFU";1;101;2;1;5;38;31;4334;42;8;838;75;0;9;0;5;"2_D4_CHFU_Fly"
5;3;2;"E3";"Fly";1;"CHFU";1;32;12;1;8;39,5;29,5;4334;42;4;708;83;0;3;0;8;"2_E3_CHFU_Fly"
5;3;3;"C3";"Fly";1;"CHFU";14;13;33;1;10;81,5;57,5;6726;48;8;1624;104;14;6;1;10;"3_C3_CHFU_Fly"
5;3;3;"D4";"Fly";1;"CHFU";3;32;13;1;6;83;59;6726;48;20;1401;230;3;6;0;6;"3_D4_CHFU_Fly"
5;3;7;"B2";"Bee";2;"LEMA";28;58;6;2;2;235;289;6322;1245;252;1436;112;28;2;3;2;"7_B2_LEMA_Bee"
5;3;7;"B3";"Bee";10;"LEMA";20;58;5;10;2;235;290,5;6322;1245;293;1577;175;20;5;3;2;"7_B3_LEMA_Bee"
5;3;7;"B4";"Bee";3;"LEMA";42;73;7;3;0;235;292;6322;1245;285;1667;250;42;2;3;0;"7_B4_LEMA_Bee"
5;3;7;"B5";"Bee";10;"LEMA";7;13;3;10;0;235;293,5;6322;1245;347;1452;326;7;1;3;0;"7_B5_LEMA_Bee"
5;3;7;"C2";"Bee";2;"LEMA";28;50;5;2;1;236,5;289;6322;1245;207;1080;177;28;4;2;1;"7_C2_LEMA_Bee"
5;3;7;"D5";"Bee";3;"LEMA";72;58;3;3;2;238;293,5;6322;1245;333;1145;117;72;13;0;2;"7_D5_LEMA_Bee"
5;3;8;"B2";"Fly";1;"CHFU";12;79;5;1;35;274;270;7142;558;139;1494;212;12;5;1;35;"8_B2_CHFU_Fly"
5;3;8;"B5";"Fly";1;"CHFU";8;16;1;1;8;274;274,5;7142;558;133;1716;317;8;21;0;8;"8_B5_CHFU_Fly"
5;3;8;"C2";"Fly";3;"CHFU";18;38;6;3;18;275,5;270;7142;558;96;1548;243;18;5;3;18;"8_C2_CHFU_Fly"
5;3;8;"C3";"Fly";2;"CHFU";4;7,5;4;2;3;275,5;271,5;7142;558;94;1539;124;4;8;2;3;"8_C3_CHFU_Fly"
5;3;8;"C4";"Beetle";1;"CHFU";3;13;1;1;0;275,5;273;7142;558;71;1633;231;3;9;0;0;"8_C4_CHFU_Beetle"
5;3;8;"C5";"Fly";2;"CHFU";11;15;4;2;16;275,5;274,5;7142;558;109;1582;218;11;4;2;16;"8_C5_CHFU_Fly"
5;3;8;"D3";"Fly";1;"CHFU";5;10;1;1;8;277;271,5;7142;558;99;1446;210;5;14;0;8;"8_D3_CHFU_Fly"
5;3;8;"D4";"Fly";1;"CHFU";12;9;1;1;3;277;273;7142;558;78;1679;114;12;11;0;3;"8_D4_CHFU_Fly"
5;3;8;"D5";"Bee";2;"LEMA";25;58;5;2;0;277;274,5;6812;888;182;1570;268;25;11;0;0;"8_D5_LEMA_Bee"
5;3;8;"D5";"Fly";1;"CHFU";14;22,5;5;1;13;277;274,5;7142;558;114;1638;279;14;12;0;13;"8_D5_CHFU_Fly"
5;3;8;"E3";"Fly";1;"CHFU";17;32;9;1;13;278,5;271,5;7142;558;114;1150;216;17;3;0;13;"8_E3_CHFU_Fly"
5;3;8;"E5";"Bee";2;"LEMA";17;58;11;2;0;278,5;274,5;6812;888;177;1449;202;17;7;0;0;"8_E5_LEMA_Bee"
5;3;9;"B2";"Beetle";2;"CHFU";4;28;2;2;30;314;286;2383;397;70;429;52;4;5;0;30;"9_B2_CHFU_Beetle"
5;3;9;"B2";"Fly";1;"CHFU";4;28;2;1;30;314;286;2383;397;70;429;52;4;5;0;30;"9_B2_CHFU_Fly"
5;3;9;"B3";"Beetle";1;"CHFU";1;32;1;1;21;314;287,5;2383;397;45;467;57;1;2;0;21;"9_B3_CHFU_Beetle"
5;3;9;"C2";"Beetle";4;"CHFU";14;58;8;4;30;315,5;286;2383;397;123;424;59;14;6;0;30;"9_C2_CHFU_Beetle"
5;3;9;"C3";"Beetle";3;"CHFU";17;31;2;3;36;315,5;287,5;2383;397;101;442;48;17;3;0;36;"9_C3_CHFU_Beetle"
5;3;9;"C4";"Beetle";1;"CHFU";7;32;1;1;25;315,5;289;2383;397;91;492;63;7;1;0;25;"9_C4_CHFU_Beetle"
5;3;9;"C5";"Beetle";2;"CHFU";5;40,5;3;2;26;315,5;290,5;2383;397;52;559;73;5;10;0;26;"9_C5_CHFU_Beetle"
5;3;9;"D2";"Beetle";1;"CHFU";19;9,5;6;1;80;317;286;2383;397;162;497;53;19;2;0;80;"9_D2_CHFU_Beetle"
5;3;9;"D2";"Fly";1;"CHFU";19;9,5;6;1;80;317;286;2383;397;162;497;53;19;2;0;80;"9_D2_CHFU_Fly"
5;3;9;"D3";"Fly";2;"CHFU";35;79,5;10;2;100;317;287,5;2383;397;121;473;47;35;0;0;100;"9_D3_CHFU_Fly"
5;3;9;"D5";"Fly";1;"CHFU";10;25;2;1;11;317;290,5;2383;397;80;536;74;10;1;0;11;"9_D5_CHFU_Fly"
5;3;9;"E2";"Beetle";1;"CHFU";4;16;1;1;50;318,5;286;2383;397;167;549;89;4;3;2;50;"9_E2_CHFU_Beetle"
5;3;9;"E3";"Beetle";3;"CHFU";23;20;12;3;70;318,5;287,5;2383;397;143;523;54;23;2;3;70;"9_E3_CHFU_Beetle"
5;3;9;"E4";"Beetle";3;"CHFU";17;56;8;3;80;318,5;289;2383;397;148;546;70;17;3;1;80;"9_E4_CHFU_Beetle"
5;3;9;"E4";"Fly";1;"CHFU";17;56;8;1;80;318,5;289;2383;397;148;546;70;17;3;1;80;"9_E4_CHFU_Fly"
5;3;9;"E5";"Beetle";1;"CHFU";13;42;6;1;40;318,5;290,5;2383;397;117;563;63;13;3;0;40;"9_E5_CHFU_Beetle"
5;5;2;"E2";"Fly";1;"LEMA";61;110;14;1;NA;39,5;28;1545;2831;542;247;18;61;1;0;0;"2_E2_LEMA_Fly"
5;5;2;"E3";"Fly";1;"LEMA";46;155;6;1;NA;39,5;29,5;1545;2831;494;218;37;46;1;1;0;"2_E3_LEMA_Fly"
5;5;5;"C5";"Fly";1;"LEMA";6;13;4;1;NA;125,5;158,5;2657;294;53;522;48;6;6;0;0;"5_C5_LEMA_Fly"
5;5;7;"C2";"Fly";2;"BEMA";4;4;56;2;NA;236,5;289;7298;269;46;1241;201;4;5;0;0;"7_C2_BEMA_Fly"
5;5;7;"C4";"Bee";1;"CETE";15;0;4;1;NA;236,5;292;7147;420;187;1564;140;15;6;2;0;"7_C4_CETE_Bee"
5;5;7;"C4";"Bee";1;"LEMA";36;58;2;1;NA;236,5;292;6322;1245;308;1443;119;36;4;5;0;"7_C4_LEMA_Bee"
5;5;7;"C4";"Fly";1;"LEMA";36;58;2;1;NA;236,5;292;6322;1245;308;1443;119;36;4;5;0;"7_C4_LEMA_Fly"
5;5;7;"D4";"Fly";1;"LEMA";55;58;2;1;NA;238;292;6322;1245;348;1113;191;55;1;5;0;"7_D4_LEMA_Fly"
5;5;7;"E2";"Fly";1;"LEMA";32;58;6;1;NA;239,5;289;6322;1245;164;1248;186;32;7;1;0;"7_E2_LEMA_Fly"
5;5;7;"E4";"Fly";1;"LEMA";52;58;3;1;NA;239,5;292;6322;1245;358;1235;165;52;3;1;0;"7_E4_LEMA_Fly"
5;5;7;"E5";"Bee";1;"LEMA";52;58;2;1;NA;239,5;293,5;6322;1245;363;1385;177;52;0;4;0;"7_E5_LEMA_Bee"
5;5;8;"D2";"Fly";1;"LEMA";38;58;4;1;NA;277;270;6812;888;235;1571;147;38;1;2;0;"8_D2_LEMA_Fly"
5;5;9;"B3";"Fly";2;"LEMA";6;58;15;2;NA;314;287,5;2551;229;64;448;52;6;0;0;0;"9_B3_LEMA_Fly"
5;5;9;"C3";"Beetle";1;"SCLA";6;31;8;1;NA;315,5;287,5;2413;367;82;461;59;6;2;2;0;"9_C3_SCLA_Beetle"
5;5;9;"D2";"Fly";1;"LEMA";9;30;9;1;NA;317;286;2551;229;59;600;63;9;4;0;0;"9_D2_LEMA_Fly"
5;5;9;"E2";"Fly";3;"LEMA";1;58;2;3;NA;318,5;286;2551;229;39;677;93;0;5;0;0;"9_E2_LEMA_Fly"
6;5;1;"D4";"Butterfly";1;"LEMA";45;66,5;13;1;25;5;5;867;1869;499;127;5;45;1;2;25;"1_D4_LEMA_Butterfly"
6;5;1;"E2";"Bee";4;"LEMA";57;76,5;13;4;30;6,5;2;867;1869;420;265;13;57;1;2;30;"1_E2_LEMA_Bee"
6;5;2;"C5";"Bee";2;"LEMA";125;111;6;2;15;36,5;32,5;1545;2831;643;419;37;125;1;2;15;"2_C5_LEMA_Bee"
6;5;3;"B5";"Bee";1;"LEMA";28;59,3333333333333;5;1;7;80;60,5;5887;887;206;1257;221;28;9;0;7;"3_B5_LEMA_Bee"
6;5;8;"C4";"Bee";2;"LEMA";42;58;1;2;NA;275,5;273;6812;888;218;1486;192;42;5;5;0;"8_C4_LEMA_Bee"
8;6;1;"C2";"Bee";1;"PUPA";1;29;7,5;1;NA;3,5;2;2722;14;0;573;72;0;2;0;0;"1_C2_PUPA_Bee"
8;6;2;"C2";"Bee";1;"LEMA";55;80;19;1;NA;36,5;28;1545;2831;527;292;61;55;7;1;0;"2_C2_LEMA_Bee"
8;6;3;"B4";"Bee";2;"PUPA";5;6;13;2;NA;80;59;6684;90;34;1380;188;5;6;0;0;"3_B4_PUPA_Bee"
8;6;3;"B5";"Bee";3;"PUPA";9;59;11,5;3;NA;80;60,5;6684;90;31;1432;240;9;6;1;0;"3_B5_PUPA_Bee"
8;6;3;"C3";"Bee";3;"LEMA";11;42;15;3;NA;81,5;57,5;5887;887;102;1530;107;11;3;0;0;"3_C3_LEMA_Bee"
8;6;3;"D4";"Bee";2;"PUPA";3;23;7,5;2;NA;83;59;6684;90;18;1403;230;3;11;0;0;"3_D4_PUPA_Bee"
8;6;3;"E2";"Bee";1;"LEMA";9;58;2;1;NA;84,5;56;5887;887;118;1427;217;9;1;0;0;"3_E2_LEMA_Bee"
8;6;8;"B2";"Fly";5;"PUPA";12;34;14;5;30;274;270;6797;903;93;1540;212;12;1;0;30;"8_B2_PUPA_Fly"
8;6;8;"D2";"Bee";1;"PUPA";16;24;4;1;37;277;270;6797;903;160;1646;169;16;2;2;37;"8_D2_PUPA_Bee"
8;6;8;"E2";"Bee";2;"PUPA";24;6;3;2;52;278,5;270;6797;903;123;1529;148;24;6;3;52;"8_E2_PUPA_Bee"
8;6;8;"E3";"Bee";3;"PUPA";37;75;5;3;32;278,5;271,5;6797;903;168;1096;196;37;5;4;32;"8_E3_PUPA_Bee"
8;6;8;"E5";"Fly";1;"PUPA";61;0;14;1;50;278,5;274,5;6797;903;314;1312;158;61;0;1;50;"8_E5_PUPA_Fly"
8;6;9;"D5";"Bee";1;"LEMA";8;48;15;1;1;317;290,5;2551;229;70;546;76;8;1;0;1;"9_D5_LEMA_Bee"
8;6;9;"D5";"Bee";1;"PUPA";7;12;4;1;18;317;290,5;2650;130;16;600;77;7;8;0;18;"9_D5_PUPA_Bee"
9;6;2;"C2";"Bee";2;"PUPA";1;1;9;2;5;36,5;28;4326;50;8;811;116;0;6;0;5;"2_C2_PUPA_Bee"
10;3;1;"C5";"Fly";1;"LEMA";80;67;23;1;0;3,5;6,5;867;1869;441;104;15;80;1;2;0;"1_C5_LEMA_Fly"
10;3;2;"B3";"Fly";2;"LEMA";65;73;6;2;0;35;29,5;1545;2831;647;335;41;65;6;0;0;"2_B3_LEMA_Fly"
10;3;2;"B5";"Fly";2;"LEMA";80;63;3;2;NA;35;32,5;1545;2831;794;372;46;80;0;2;0;"2_B5_LEMA_Fly"
10;3;2;"C3";"Fly";3;"LEMA";50;105,5;4;3;0;36,5;29,5;1545;2831;554;311;30;50;0;2;0;"2_C3_LEMA_Fly"
10;3;2;"C4";"Fly";3;"LEMA";114;40;10;3;NA;36,5;31;1545;2831;566;284;46;114;10;1;0;"2_C4_LEMA_Fly"
10;3;3;"B3";"Fly";1;"CHFU";1;32;2;1;1;80;57,5;6726;48;21;1553;158;0;4;0;1;"3_B3_CHFU_Fly"
10;3;3;"C3";"Beetle";1;"CHFU";14;13;33;1;31;81,5;57,5;6726;48;8;1624;104;14;6;1;31;"3_C3_CHFU_Beetle"
10;3;5;"B5";"Fly";1;"LEMA";3;58;1;1;NA;124;158,5;2657;294;50;620;69;3;5;0;0;"5_B5_LEMA_Fly"
10;3;7;"E4";"Fly";1;"CHFU";2;17;6;1;0;239,5;292;7455;112;2;1591;215;2;5;0;0;"7_E4_CHFU_Fly"
10;3;8;"B4";"Fly";1;"CHFU";13;20;3;1;3;274;273;7142;558;79;1785;190;13;9;0;3;"8_B4_CHFU_Fly"
10;3;8;"C4";"Fly";1;"CHFU";3;13;1;1;NA;275,5;273;7142;558;71;1633;231;3;9;0;0;"8_C4_CHFU_Fly"
10;3;8;"D2";"Fly";1;"CHFU";27;21;6;1;4;277;270;7142;558;104;1702;158;27;3;2;4;"8_D2_CHFU_Fly"
10;3;9;"D2";"Bee";1;"CHFU";19;9,5;6;1;48;317;286;2383;397;162;497;53;19;2;0;48;"9_D2_CHFU_Bee"
10;3;9;"E2";"Bee";3;"CHFU";4;16;1;3;31;318,5;286;2383;397;167;549;89;4;3;2;31;"9_E2_CHFU_Bee"
10;3;9;"E2";"Fly";2;"CHFU";4;16;1;2;31;318,5;286;2383;397;167;549;89;4;3;2;31;"9_E2_CHFU_Fly"
10;3;9;"E3";"Bee";3;"CHFU";23;20;12;3;80;318,5;287,5;2383;397;143;523;54;23;2;3;80;"9_E3_CHFU_Bee"
10;3;9;"E5";"Bee";10;"CHFU";13;42;6;10;20;318,5;290,5;2383;397;117;563;63;13;3;0;20;"9_E5_CHFU_Bee"
13;2;2;"E2";"Bee";1;"CHFU";1;28;12;1;1;39,5;28;4334;42;2;787;79;0;1;0;1;"2_E2_CHFU_Bee"
13;2;9;"D3";"Bee";3;"CHFU";35;79,5;10;3;113;317;287,5;2383;397;121;473;47;35;0;0;113;"9_D3_CHFU_Bee"
18;5;1;"E2";"Fly";7;"LEMA";57;76,5;13;7;NA;6,5;2;867;1869;420;265;13;57;1;2;0;"1_E2_LEMA_Fly"
18;5;9;"D3";"Butterfly";1;"LEMA";4;58;4;1;NA;317;287,5;2551;229;68;526;78;4;4;0;0;"9_D3_LEMA_Butterfly"
18;6;2;"E2";"Bee";2;"CETE";6;111;12;2;8;39,5;28;3927;449;89;700;73;6;5;0;8;"2_E2_CETE_Bee"
18;6;3;"E2";"Butterfly";1;"PUPA";6;40;20,5;1;20;84,5;56;6684;90;5;1540;220;6;13;0;20;"3_E2_PUPA_Butterfly"
19;5;2;"C5";"Bee";2;"PUPA";6;21;5,66666666666667;2;0;36,5;32,5;4326;50;7;1055;156;6;5;5;0;"2_C5_PUPA_Bee"
19;5;7;"D4";"Beetle";2;"LEMA";55;58;2;2;NA;238;292;6322;1245;348;1113;191;55;1;5;0;"7_D4_LEMA_Beetle"
19;5;8;"B4";"Bee";1;"MESU";12;1;34;1;NA;274;273;7339;361;84;1780;191;12;3;0;0;"8_B4_MESU_Bee"
19;5;8;"B4";"Bee";1;"PUPA";19;1;4;1;NA;274;273;6797;903;225;1639;184;19;0;1;0;"8_B4_PUPA_Bee"
19;5;8;"B5";"Bee";1;"PUPA";8;66;7;1;NA;274;274,5;6797;903;268;1581;317;8;0;3;0;"8_B5_PUPA_Bee"
19;5;8;"B5";"Beetle";1;"PUPA";8;66;7;1;NA;274;274,5;6797;903;268;1581;317;8;0;3;0;"8_B5_PUPA_Beetle"
22;4;1;"B4";"Fly";1;"LEMA";63;65;38;1;NA;2;5;867;1869;378;126;20;63;0;3;NA;"1_B4_LEMA_Fly"
22;4;3;"C2";"Fly";2;"LEMA";14;53;2;2;NA;81,5;56;5887;887;67;1473;145;14;5;1;NA;"3_C2_LEMA_Fly"
23;4;8;"E3";"Fly";6;"BEMA";19;4;25;6;NA;278,5;271,5;7389;311;48;1216;214;19;5;0;NA;"8_E3_BEMA_Fly"
23;4;8;"E3";"Fly";2;"LEMA";19;58;4;2;NA;278,5;271,5;6812;888;165;1099;214;19;7;0;NA;"8_E3_LEMA_Fly"
23;4;8;"E4";"Fly";1;"LEMA";26;58;3;1;NA;278,5;273;6812;888;143;1382;180;26;4;2;NA;"8_E4_LEMA_Fly"
28;5;9;"C3";"Fly";2;"BEMA";8;4;6;2;0;315,5;287,5;2621;159;29;514;57;8;6;3;0;"9_C3_BEMA_Fly"
29;5;2;"D2";"Bee";2;"CETE";26;111;6;2;35;38;28;3927;449;82;717;83;26;7;1;35;"2_D2_CETE_Bee"
29;5;2;"D2";"Bee";1;"LEMA";53;48;9;1;30;38;28;1545;2831;501;298;56;53;1;2;30;"2_D2_LEMA_Bee"
29;5;2;"D5";"Bee";1;"LEMA";53;57;10;1;15;38;32,5;1545;2831;668;441;48;53;4;4;15;"2_D5_LEMA_Bee"
29;5;2;"E4";"Bee";2;"CETE";11;111;5;2;90;39,5;31;3927;449;82;738;99;11;3;6;90;"2_E4_CETE_Bee"
29;5;2;"E5";"Bee";1;"LEMA";41;45,5;14;1;20;39,5;32,5;1545;2831;710;433;32;41;8;0;20;"2_E5_LEMA_Bee"
29;5;2;"E5";"Fly";2;"CETE";7;111;5;2;56;39,5;32,5;3927;449;111;1032;66;7;8;0;56;"2_E5_CETE_Fly"
29;5;3;"D2";"Bee";1;"LEMA";8;58;18;1;6;83;56;5887;887;90;1429;201;8;1;0;6;"3_D2_LEMA_Bee"
29;5;3;"D5";"Bee";6;"PUPA";9;103;31,5;6;30;83;60,5;6684;90;21;1545;123;9;15;4;30;"3_D5_PUPA_Bee"
29;5;3;"E2";"Fly";1;"PUPA";6;40;20,5;1;9;84,5;56;6684;90;5;1540;220;6;13;0;9;"3_E2_PUPA_Fly"
NA;NA;1;"B2";NA;0;"BEMA";8;4;57;0,01;NA;2;2;2485;251;57;556;49;8;4;0;NA;"1_B2_BEMA_NA"
NA;NA;1;"B2";NA;0;"CETE";2;111;27;0,01;NA;2;2;2609;127;40;573;55;2;4;0;NA;"1_B2_CETE_NA"
NA;NA;1;"B2";NA;0;"PUPA";1;23;5;0,01;NA;2;2;2722;14;3;610;57;0;3;0;NA;"1_B2_PUPA_NA"
NA;NA;1;"B2";NA;0;"SOAS";2;55;23;0,01;NA;2;2;2711;25;9;604;55;2;1;0;NA;"1_B2_SOAS_NA"
NA;NA;1;"B3";NA;0;"BEMA";5;4;93;0,01;NA;2;3,5;2485;251;52;484;62;5;0;0;NA;"1_B3_BEMA_NA"
NA;NA;1;"B3";NA;0;"CETE";4;111;40;0,01;NA;2;3,5;2609;127;47;489;63;4;0;0;NA;"1_B3_CETE_NA"
NA;NA;1;"B3";NA;0;"CHFU";1;32;3,5;0,01;NA;2;3,5;2704;32;16;520;67;0;2;0;NA;"1_B3_CHFU_NA"
NA;NA;1;"B3";NA;0;"SOAS";3;55;39;0,01;NA;2;3,5;2711;25;9;527;64;3;1;0;NA;"1_B3_SOAS_NA"
NA;NA;1;"B4";NA;0;"CETE";1;111;19;0,01;NA;2;5;2609;127;31;473;82;1;2;0;NA;"1_B4_CETE_NA"
NA;NA;1;"B4";NA;0;"SOAS";2;55;35;0,01;NA;2;5;2711;25;8;496;81;2;0;0;NA;"1_B4_SOAS_NA"
NA;NA;1;"B5";NA;0;"BEMA";6;4;90;0,01;NA;2;6,5;2485;251;56;467;45;6;0;2;NA;"1_B5_BEMA_NA"
NA;NA;1;"B5";NA;0;"PUPA";1;23;7;0,01;NA;2;6,5;2722;14;2;521;51;0;0;0;NA;"1_B5_PUPA_NA"
NA;NA;1;"C2";NA;0;"BEMA";7;4;16;0,01;NA;3,5;2;2485;251;58;515;65;7;3;0;NA;"1_C2_BEMA_NA"
NA;NA;1;"C2";NA;0;"CETE";3;111;13;0,01;NA;3,5;2;2609;127;10;563;69;3;1;2;NA;"1_C2_CETE_NA"
NA;NA;1;"C2";NA;0;"CHFU";2;32;9;0,01;NA;3,5;2;2704;32;13;560;70;2;5;0;NA;"1_C2_CHFU_NA"
NA;NA;1;"C2";NA;0;"SOAS";1;55;3;0,01;NA;3,5;2;2711;25;6;567;72;0;1;0;NA;"1_C2_SOAS_NA"
NA;NA;1;"C3";NA;0;"BEMA";8;4;114;0,01;NA;3,5;3,5;2485;251;54;509;55;8;0;1;NA;"1_C3_BEMA_NA"
NA;NA;1;"C3";NA;0;"CETE";1;111;8;0,01;NA;3,5;3,5;2609;127;10;553;63;0;4;0;NA;"1_C3_CETE_NA"
NA;NA;1;"C3";NA;0;"CHFU";4;32;31;0,01;NA;3,5;3,5;2704;32;14;549;59;4;0;0;NA;"1_C3_CHFU_NA"
NA;NA;1;"C3";NA;0;"PUPA";1;23;4;0,01;NA;3,5;3,5;2722;14;0;563;63;0;1;0;NA;"1_C3_PUPA_NA"
NA;NA;1;"C4";NA;0;"BEMA";5;4;215;0,01;NA;3,5;5;2485;251;50;526;69;5;0;0;NA;"1_C4_BEMA_NA"
NA;NA;1;"C4";NA;0;"CETE";1;111;5;0,01;NA;3,5;5;2609;127;10;566;74;0;2;0;NA;"1_C4_CETE_NA"
NA;NA;1;"C5";NA;0;"BEMA";7;4;6;0,01;NA;3,5;6,5;2485;251;49;496;88;7;6;0;NA;"1_C5_BEMA_NA"
NA;NA;1;"C5";NA;0;"CETE";3;111;11;0,01;NA;3,5;6,5;2609;127;4;541;92;3;4;2;NA;"1_C5_CETE_NA"
NA;NA;1;"C5";NA;0;"CHFU";2;32;4;0,01;NA;3,5;6,5;2704;32;11;534;93;2;3;0;NA;"1_C5_CHFU_NA"
NA;NA;1;"D2";NA;0;"BEMA";11;4;18;0,01;NA;5;2;2485;251;67;542;61;11;3;0;NA;"1_D2_BEMA_NA"
NA;NA;1;"D2";NA;0;"CETE";1;111;15;0,01;NA;5;2;2609;127;12;597;72;0;6;0;NA;"1_D2_CETE_NA"
NA;NA;1;"D2";NA;0;"SCLA";2;31;3;0,01;NA;5;2;2729;7;2;607;70;2;3;0;NA;"1_D2_SCLA_NA"
NA;NA;1;"D3";NA;0;"BEMA";8;4;51;0,01;NA;5;3,5;2485;251;65;470;80;8;4;0;NA;"1_D3_BEMA_NA"
NA;NA;1;"D3";NA;0;"CETE";1;111;25;0,01;NA;5;3,5;2609;127;21;514;88;0;1;0;NA;"1_D3_CETE_NA"
NA;NA;1;"D3";NA;0;"CHFU";2;32;17,5;0,01;NA;5;3,5;2704;32;12;523;86;2;1;0;NA;"1_D3_CHFU_NA"
NA;NA;1;"D3";NA;0;"PUPA";1;23;25;0,01;NA;5;3,5;2722;14;0;535;88;0;2;0;NA;"1_D3_PUPA_NA"
NA;NA;1;"D3";NA;0;"SCLA";1;31;1;0,01;NA;5;3,5;2729;7;2;533;88;0;6;0;NA;"1_D3_SCLA_NA"
NA;NA;1;"D4";NA;0;"BEMA";5;4;73;0,01;NA;5;5;2485;251;58;568;45;5;1;0;NA;"1_D4_BEMA_NA"
NA;NA;1;"D4";NA;0;"SCLA";1;31;5;0,01;NA;5;5;2729;7;0;626;50;0;2;0;NA;"1_D4_SCLA_NA"
NA;NA;1;"D4";NA;0;"SOAS";1;55;5;0,01;NA;5;5;2711;25;4;622;50;0;3;0;NA;"1_D4_SOAS_NA"
NA;NA;1;"D5";NA;0;"BEMA";6;4;21;0,01;NA;5;6,5;2485;251;45;596;73;6;3;0;NA;"1_D5_BEMA_NA"
NA;NA;1;"D5";NA;0;"CETE";1;111;11;0,01;NA;5;6,5;2609;127;37;604;79;0;3;0;NA;"1_D5_CETE_NA"
NA;NA;1;"D5";NA;0;"CHFU";1;32;2;0,01;NA;5;6,5;2704;32;8;633;78;1;5;0;NA;"1_D5_CHFU_NA"
NA;NA;1;"E2";NA;0;"BEMA";12;4;330;0,01;NA;6,5;2;2485;251;62;623;58;12;2;0;NA;"1_E2_BEMA_NA"
NA;NA;1;"E2";NA;0;"CETE";1;111;15;0,01;NA;6,5;2;2609;127;12;673;70;0;2;2;NA;"1_E2_CETE_NA"
NA;NA;1;"E3";NA;0;"BEMA";12;4;40;0,01;NA;6,5;3,5;2485;251;62;555;50;12;4;0;NA;"1_E3_BEMA_NA"
NA;NA;1;"E3";NA;0;"CETE";2;111;25;0,01;NA;6,5;3,5;2609;127;25;592;60;2;3;0;NA;"1_E3_CETE_NA"
NA;NA;1;"E4";NA;0;"BEMA";5;4;20;0,01;NA;6,5;5;2485;251;56;566;67;5;2;2;NA;"1_E4_BEMA_NA"
NA;NA;1;"E4";NA;0;"CETE";16;111;26,5;0,01;NA;6,5;5;2609;127;24;598;56;16;3;10;NA;"1_E4_CETE_NA"
NA;NA;1;"E5";NA;0;"BEMA";7;4;114;0,01;NA;6,5;6,5;2485;251;43;601;86;7;1;2;NA;"1_E5_BEMA_NA"
NA;NA;1;"E5";NA;0;"CETE";14;111;6;0,01;NA;6,5;6,5;2609;127;27;617;79;14;2;0;NA;"1_E5_CETE_NA"
NA;NA;1;"E5";NA;0;"PUPA";1;23;2;0,01;NA;6,5;6,5;2722;14;9;635;93;0;2;2;NA;"1_E5_PUPA_NA"
NA;NA;2;"B2";NA;0;"BEMA";4;4;34;0,01;NA;35;28;4026;350;50;851;95;4;8;0;NA;"2_B2_BEMA_NA"
NA;NA;2;"B2";NA;0;"SCLA";1;31;2;0,01;NA;35;28;4275;101;12;889;98;1;7;0;NA;"2_B2_SCLA_NA"
NA;NA;2;"B3";NA;0;"BEMA";5;4;48;0,01;NA;35;29,5;4026;350;64;918;101;5;1;2;NA;"2_B3_BEMA_NA"
NA;NA;2;"B3";NA;0;"CETE";28;111;5;0,01;NA;35;29,5;3927;449;118;864;78;28;2;2;NA;"2_B3_CETE_NA"
NA;NA;2;"B3";NA;0;"PUPA";1;23;5;0,01;NA;35;29,5;4326;50;9;973;106;0;10;0;NA;"2_B3_PUPA_NA"
NA;NA;2;"B3";NA;0;"SCLA";1;31;3;0,01;NA;35;29,5;4275;101;13;969;106;0;4;0;NA;"2_B3_SCLA_NA"
NA;NA;2;"B4";NA;0;"BEMA";12;4;17;0,01;NA;35;31;4026;350;71;982;111;12;2;3;NA;"2_B4_BEMA_NA"
NA;NA;2;"B4";NA;0;"CETE";15;111;7;0,01;NA;35;31;3927;449;147;906;108;15;4;0;NA;"2_B4_CETE_NA"
NA;NA;2;"B4";NA;0;"PUPA";1;23;5;0,01;NA;35;31;4326;50;15;1038;122;1;4;0;NA;"2_B4_PUPA_NA"
NA;NA;2;"B4";NA;0;"SCLA";2;31;1;0,01;NA;35;31;4275;101;10;1043;121;2;5;0;NA;"2_B4_SCLA_NA"
NA;NA;2;"B5";NA;0;"BEMA";7;4;18;0,01;NA;35;32,5;4026;350;77;1089;119;7;5;3;NA;"2_B5_BEMA_NA"
NA;NA;2;"B5";NA;0;"CETE";17;111;6;0,01;NA;35;32,5;3927;449;119;1047;109;17;3;4;NA;"2_B5_CETE_NA"
NA;NA;2;"B5";NA;0;"PUPA";1;23;4,5;0,01;NA;35;32,5;4326;50;21;1145;126;0;2;0;NA;"2_B5_PUPA_NA"
NA;NA;2;"C2";NA;0;"BEMA";9;4;88;0,01;NA;36,5;28;4026;350;72;747;107;9;12;0;NA;"2_C2_BEMA_NA"
NA;NA;2;"C2";NA;0;"CETE";11;111;27;0,01;NA;36,5;28;3927;449;103;716;105;11;4;3;NA;"2_C2_CETE_NA"
NA;NA;2;"C2";NA;0;"SCLA";2;31;2;0,01;NA;36,5;28;4275;101;17;802;114;2;2;0;NA;"2_C2_SCLA_NA"
NA;NA;2;"C3";NA;0;"BEMA";7;4;62;0,01;NA;36,5;29,5;4026;350;78;787;73;7;4;0;NA;"2_C3_BEMA_NA"
NA;NA;2;"C3";NA;0;"CETE";9;111;34;0,01;NA;36,5;29,5;3927;449;135;730;71;9;1;4;NA;"2_C3_CETE_NA"
NA;NA;2;"C3";NA;0;"CHFU";4;32;3;0,01;NA;36,5;29,5;4334;42;13;852;76;4;3;1;NA;"2_C3_CHFU_NA"
NA;NA;2;"C3";NA;0;"PUPA";2;23;5;0,01;NA;36,5;29,5;4326;50;1;864;78;2;2;0;NA;"2_C3_PUPA_NA"
NA;NA;2;"C3";NA;0;"SCLA";2;31;2;0,01;NA;36,5;29,5;4275;101;15;850;78;2;3;0;NA;"2_C3_SCLA_NA"
NA;NA;2;"C4";NA;0;"BEMA";10;4;14;0,01;NA;36,5;31;4026;350;89;761;150;10;10;2;NA;"2_C4_BEMA_NA"
NA;NA;2;"C4";NA;0;"CETE";33;111;7;0,01;NA;36,5;31;3927;449;111;739;127;33;2;0;NA;"2_C4_CETE_NA"
NA;NA;2;"C4";NA;0;"CHFU";1;32;1;0,01;NA;36,5;31;4334;42;6;844;160;0;5;0;NA;"2_C4_CHFU_NA"
NA;NA;2;"C4";NA;0;"PUPA";1;23;4;0,01;NA;36,5;31;4326;50;10;840;160;0;7;0;NA;"2_C4_PUPA_NA"
NA;NA;2;"C4";NA;0;"SCLA";1;31;1;0,01;NA;36,5;31;4275;101;17;833;159;1;6;0;NA;"2_C4_SCLA_NA"
NA;NA;2;"C5";NA;0;"BEMA";15;4;29;0,01;NA;36,5;32,5;4026;350;80;982;147;15;9;1;NA;"2_C5_BEMA_NA"
NA;NA;2;"C5";NA;0;"CETE";8;111;6;0,01;NA;36,5;32,5;3927;449;123;939;154;8;2;0;NA;"2_C5_CETE_NA"
NA;NA;2;"C5";NA;0;"SCLA";1;31;2;0,01;NA;36,5;32,5;4275;101;23;1039;161;1;4;0;NA;"2_C5_SCLA_NA"
NA;NA;2;"D2";NA;0;"BEMA";16;4;78;0,01;NA;38;28;4026;350;88;711;93;16;1;0;NA;"2_D2_BEMA_NA"
NA;NA;2;"D2";NA;0;"SCLA";4;31;2;0,01;NA;38;28;4275;101;18;781;105;4;1;0;NA;"2_D2_SCLA_NA"
NA;NA;2;"D2";NA;0;"SOAS";4;55;6;0,01;NA;38;28;4320;56;14;785;105;4;5;0;NA;"2_D2_SOAS_NA"
NA;NA;2;"D3";NA;0;"BEMA";12;4;60;0,01;NA;38;29,5;4026;350;81;731;65;12;3;0;NA;"2_D3_BEMA_NA"
NA;NA;2;"D3";NA;0;"CETE";7;111;20;0,01;NA;38;29,5;3927;449;118;694;70;7;4;0;NA;"2_D3_CETE_NA"
NA;NA;2;"D3";NA;0;"CHFU";2;32;8;0,01;NA;38;29,5;4334;42;13;799;75;2;9;0;NA;"2_D3_CHFU_NA"
NA;NA;2;"D3";NA;0;"PUPA";1;23;4;0,01;NA;38;29,5;4326;50;4;808;77;0;4;0;NA;"2_D3_PUPA_NA"
NA;NA;2;"D3";NA;0;"SCLA";5;31;2,5;0,01;NA;38;29,5;4275;101;11;801;72;5;4;0;NA;"2_D3_SCLA_NA"
NA;NA;2;"D4";NA;0;"BEMA";10;4;16;0,01;NA;38;31;4026;350;95;751;65;10;3;3;NA;"2_D4_BEMA_NA"
NA;NA;2;"D4";NA;0;"CETE";8;111;15;0,01;NA;38;31;3927;449;108;738;67;8;3;0;NA;"2_D4_CETE_NA"
NA;NA;2;"D4";NA;0;"SCLA";1;31;1;0,01;NA;38;31;4275;101;25;821;75;0;3;0;NA;"2_D4_SCLA_NA"
NA;NA;2;"D5";NA;0;"BEMA";21;4;37;0,01;NA;38;32,5;4026;350;77;1032;80;21;3;0;NA;"2_D5_BEMA_NA"
NA;NA;2;"D5";NA;0;"CETE";19;111;28;0,01;NA;38;32,5;3927;449;121;988;82;19;3;1;NA;"2_D5_CETE_NA"
NA;NA;2;"D5";NA;0;"PUPA";1;23;4;0,01;NA;38;32,5;4326;50;16;1093;100;1;1;0;NA;"2_D5_PUPA_NA"
NA;NA;2;"D5";NA;0;"SCLA";6;31;1,5;0,01;NA;38;32,5;4275;101;23;1086;95;6;3;0;NA;"2_D5_SCLA_NA"
NA;NA;2;"E2";NA;0;"BEMA";9;4;26;0,01;NA;39,5;28;4026;350;93;696;70;9;8;0;NA;"2_E2_BEMA_NA"
NA;NA;2;"E2";NA;0;"PUPA";2;23;6;0,01;NA;39,5;28;4326;50;3;786;77;2;3;0;NA;"2_E2_PUPA_NA"
NA;NA;2;"E3";NA;0;"BEMA";10;4;15;0,01;NA;39,5;29,5;4026;350;71;641;73;10;4;0;NA;"2_E3_BEMA_NA"
NA;NA;2;"E3";NA;0;"CETE";14;111;11;0,01;NA;39,5;29,5;3927;449;80;632;69;14;1;7;NA;"2_E3_CETE_NA"
NA;NA;2;"E3";NA;0;"SOAS";10;55;14,6666666666667;0,01;NA;39,5;29,5;4320;56;27;685;73;10;0;0;NA;"2_E3_SOAS_NA"
NA;NA;2;"E4";NA;0;"BEMA";10;4;66;0,01;NA;39,5;31;4026;350;102;718;100;10;1;1;NA;"2_E4_BEMA_NA"
NA;NA;2;"E4";NA;0;"CHFU";2;32;1;0,01;NA;39,5;31;4334;42;2;818;108;2;7;0;NA;"2_E4_CHFU_NA"
NA;NA;2;"E4";NA;0;"SCLA";1;31;1;0,01;NA;39,5;31;4275;101;33;787;109;1;5;1;NA;"2_E4_SCLA_NA"
NA;NA;2;"E4";NA;0;"SOAS";9;55;7;0,01;NA;39,5;31;4320;56;28;792;101;9;3;1;NA;"2_E4_SOAS_NA"
NA;NA;2;"E5";NA;0;"BEMA";10;4;80;0,01;NA;39,5;32,5;4026;350;100;1043;63;10;4;1;NA;"2_E5_BEMA_NA"
NA;NA;2;"E5";NA;0;"PUPA";1;23;9;0,01;NA;39,5;32,5;4326;50;11;1132;72;1;5;0;NA;"2_E5_PUPA_NA"
NA;NA;2;"E5";NA;0;"SCLA";9;31;3;0,01;NA;39,5;32,5;4275;101;27;1116;64;9;4;0;NA;"2_E5_SCLA_NA"
NA;NA;3;"B2";NA;0;"BEMA";2;4;5;0,01;NA;80;56;6676;98;23;1540;201;2;6;0;NA;"3_B2_BEMA_NA"
NA;NA;3;"B2";NA;0;"CHMI";8;14;2;0,01;NA;80;56;6696;78;26;1537;195;8;9;1;NA;"3_B2_CHMI_NA"
NA;NA;3;"B3";NA;0;"BEMA";2;4;9;0,01;NA;80;57,5;6676;98;28;1546;156;2;12;0;NA;"3_B3_BEMA_NA"
NA;NA;3;"B3";NA;0;"CETE";1;111;7;0,01;NA;80;57,5;6681;93;13;1561;158;0;6;0;NA;"3_B3_CETE_NA"
NA;NA;3;"B3";NA;0;"CHMI";2;14;1;0,01;NA;80;57,5;6696;78;31;1543;156;2;7;0;NA;"3_B3_CHMI_NA"
NA;NA;3;"B4";NA;0;"CETE";6;111;2;0,01;NA;80;59;6681;93;12;1402;187;6;5;1;NA;"3_B4_CETE_NA"
NA;NA;3;"B4";NA;0;"CHMI";1;14;3;0,01;NA;80;59;6696;78;28;1386;192;1;13;0;NA;"3_B4_CHMI_NA"
NA;NA;3;"B4";NA;0;"SCLA";4;31;2,5;0,01;NA;80;59;6736;38;12;1402;189;4;16;0;NA;"3_B4_SCLA_NA"
NA;NA;3;"B5";NA;0;"BEMA";2;4;24;0,01;NA;80;60,5;6676;98;28;1435;247;2;10;0;NA;"3_B5_BEMA_NA"
NA;NA;3;"B5";NA;0;"SCLA";2;31;2;0,01;NA;80;60,5;6736;38;12;1451;247;2;12;0;NA;"3_B5_SCLA_NA"
NA;NA;3;"C2";NA;0;"BEMA";1;4;12;0,01;NA;81,5;56;6676;98;18;1522;158;1;1;0;NA;"3_C2_BEMA_NA"
NA;NA;3;"C2";NA;0;"CETE";3;111;11;0,01;NA;81,5;56;6681;93;2;1538;156;3;8;1;NA;"3_C2_CETE_NA"
NA;NA;3;"C2";NA;0;"SCLA";1;31;2;0,01;NA;81,5;56;6736;38;10;1530;158;1;5;0;NA;"3_C2_SCLA_NA"
NA;NA;3;"C3";NA;0;"BEMA";7;4;25;0,01;NA;81,5;57,5;6676;98;15;1617;111;7;7;0;NA;"3_C3_BEMA_NA"
NA;NA;3;"C3";NA;0;"CETE";1;111;7;0,01;NA;81,5;57,5;6681;93;24;1608;117;1;11;0;NA;"3_C3_CETE_NA"
NA;NA;3;"C3";NA;0;"SCLA";2;31;3;0,01;NA;81,5;57,5;6736;38;13;1619;116;2;5;0;NA;"3_C3_SCLA_NA"
NA;NA;3;"C3";NA;0;"SOAS";1;55;2;0,01;NA;81,5;57,5;6762;12;1;1631;118;0;8;0;NA;"3_C3_SOAS_NA"
NA;NA;3;"C4";NA;0;"BEMA";5;4;5;0,01;NA;81,5;59;6676;98;20;1436;237;5;1;1;NA;"3_C4_BEMA_NA"
NA;NA;3;"C4";NA;0;"CETE";2;111;11;0,01;NA;81,5;59;6681;93;26;1430;240;2;8;3;NA;"3_C4_CETE_NA"
NA;NA;3;"C4";NA;0;"CHFU";1;32;4;0,01;NA;81,5;59;6726;48;27;1429;242;0;8;1;NA;"3_C4_CHFU_NA"
NA;NA;3;"C4";NA;0;"SOAS";1;55;15;0,01;NA;81,5;59;6762;12;2;1454;242;0;8;0;NA;"3_C4_SOAS_NA"
NA;NA;3;"C5";NA;0;"BEMA";2;4;14;0,01;NA;81,5;60,5;6676;98;21;1622;136;2;12;2;NA;"3_C5_BEMA_NA"
NA;NA;3;"C5";NA;0;"CETE";2;111;9;0,01;NA;81,5;60,5;6681;93;38;1605;136;2;5;4;NA;"3_C5_CETE_NA"
NA;NA;3;"C5";NA;0;"CHFU";4;32;15;0,01;NA;81,5;60,5;6726;48;14;1629;134;4;16;0;NA;"3_C5_CHFU_NA"
NA;NA;3;"C5";NA;0;"PUPA";1;23;15;0,01;NA;81,5;60,5;6684;90;32;1611;138;0;10;0;NA;"3_C5_PUPA_NA"
NA;NA;3;"D2";NA;0;"CETE";1;111;21;0,01;NA;83;56;6681;93;11;1508;208;1;7;0;NA;"3_D2_CETE_NA"
NA;NA;3;"D2";NA;0;"PUPA";1;23;22;0,01;NA;83;56;6684;90;8;1511;208;1;7;0;NA;"3_D2_PUPA_NA"
NA;NA;3;"D3";NA;0;"SCLA";2;31;8;0,01;NA;83;57,5;6736;38;7;1550;233;2;1;0;NA;"3_D3_SCLA_NA"
NA;NA;3;"D4";NA;0;"BEMA";1;4;27;0,01;NA;83;59;6676;98;24;1397;232;1;6;0;NA;"3_D4_BEMA_NA"
NA;NA;3;"D4";NA;0;"CETE";12;111;8;0,01;NA;83;59;6681;93;23;1398;221;12;5;2;NA;"3_D4_CETE_NA"
NA;NA;3;"D4";NA;0;"LEMA";24;58;10;0,01;NA;83;59;5887;887;222;1199;209;24;3;0;NA;"3_D4_LEMA_NA"
NA;NA;3;"D4";NA;0;"SOAS";1;55;5;0,01;NA;83;59;6762;12;3;1418;232;1;9;0;NA;"3_D4_SOAS_NA"
NA;NA;3;"D5";NA;0;"BEMA";3;4;50;0,01;NA;83;60,5;6676;98;24;1542;129;3;3;0;NA;"3_D5_BEMA_NA"
NA;NA;3;"D5";NA;0;"CETE";1;111;9;0,01;NA;83;60,5;6681;93;43;1523;132;0;8;0;NA;"3_D5_CETE_NA"
NA;NA;3;"E3";NA;0;"BEMA";1;4;10;0,01;NA;84,5;57,5;6676;98;18;1557;180;1;3;0;NA;"3_E3_BEMA_NA"
NA;NA;3;"E3";NA;0;"CETE";5;111;8;0,01;NA;84,5;57,5;6681;93;33;1542;176;5;2;1;NA;"3_E3_CETE_NA"
NA;NA;3;"E3";NA;0;"SOAS";1;55;3;0,01;NA;84,5;57,5;6762;12;5;1570;180;1;9;0;NA;"3_E3_SOAS_NA"
NA;NA;3;"E4";NA;0;"BEMA";2;4;86;0,01;NA;84,5;59;6676;98;24;1403;187;2;3;0;NA;"3_E4_BEMA_NA"
NA;NA;3;"E4";NA;0;"CETE";7;111;10;0,01;NA;84,5;59;6681;93;41;1386;182;7;3;1;NA;"3_E4_CETE_NA"
NA;NA;3;"E4";NA;0;"PUPA";3;23;6;0,01;NA;84,5;59;6684;90;25;1402;186;3;4;0;NA;"3_E4_PUPA_NA"
NA;NA;3;"E5";NA;0;"BEMA";2;4;120;0,01;NA;84,5;60,5;6676;98;29;1310;184;2;2;0;NA;"3_E5_BEMA_NA"
NA;NA;3;"E5";NA;0;"CETE";6;111;4;0,01;NA;84,5;60,5;6681;93;45;1294;180;6;4;1;NA;"3_E5_CETE_NA"
NA;NA;3;"E5";NA;0;"PUPA";4;23;22;0,01;NA;84,5;60,5;6684;90;34;1305;182;4;8;0;NA;"3_E5_PUPA_NA"
NA;NA;5;"B2";NA;0;"BEMA";8;4;60;0,01;NA;124;154;2773;178;40;637;65;8;9;0;NA;"5_B2_BEMA_NA"
NA;NA;5;"B2";NA;0;"CHFU";1;32;1;0,01;NA;124;154;2949;2;0;677;73;0;11;1;NA;"5_B2_CHFU_NA"
NA;NA;5;"B2";NA;0;"LEMA";8;58;2;0,01;NA;124;154;2657;294;34;643;65;8;6;1;NA;"5_B2_LEMA_NA"
NA;NA;5;"B3";NA;0;"BEMA";4;4;11;0,01;NA;124;155,5;2773;178;59;623;60;4;6;0;NA;"5_B3_BEMA_NA"
NA;NA;5;"B3";NA;0;"LEMA";7;58;1;0,01;NA;124;155,5;2657;294;52;630;57;7;6;2;NA;"5_B3_LEMA_NA"
NA;NA;5;"B3";NA;0;"PUPA";1;23;5;0,01;NA;124;155,5;2948;3;0;682;64;0;5;0;NA;"5_B3_PUPA_NA"
NA;NA;5;"B4";NA;0;"BEMA";3;4;20;0,01;NA;124;157;2773;178;49;589;54;3;11;0;NA;"5_B4_BEMA_NA"
NA;NA;5;"B4";NA;0;"CETE";1;111;7;0,01;NA;124;157;2951;0;0;638;57;0;3;0;NA;"5_B4_CETE_NA"
NA;NA;5;"B4";NA;0;"PUPA";1;23;4;0,01;NA;124;157;2948;3;0;638;57;0;7;0;NA;"5_B4_PUPA_NA"
NA;NA;5;"B5";NA;0;"BEMA";2;4;14;0,01;NA;124;158,5;2773;178;41;629;70;2;4;0;NA;"5_B5_BEMA_NA"
NA;NA;5;"C2";NA;0;"BEMA";6;4;10;0,01;NA;125,5;154;2773;178;32;581;74;6;8;1;NA;"5_C2_BEMA_NA"
NA;NA;5;"C3";NA;0;"BEMA";10;4;17;0,01;NA;125,5;155,5;2773;178;43;504;63;10;12;1;NA;"5_C3_BEMA_NA"
NA;NA;5;"C3";NA;0;"LEMA";10;58;1;0,01;NA;125,5;155,5;2657;294;61;486;63;10;11;0;NA;"5_C3_LEMA_NA"
NA;NA;5;"C3";NA;0;"PUPA";1;23;6;0,01;NA;125,5;155,5;2948;3;0;547;73;0;2;0;NA;"5_C3_PUPA_NA"
NA;NA;5;"C4";NA;0;"CHFU";1;32;6;0,01;NA;125,5;157;2949;2;0;499;67;0;5;0;NA;"5_C4_CHFU_NA"
NA;NA;5;"C5";NA;0;"BEMA";7;4;5;0,01;NA;125,5;158,5;2773;178;44;531;47;7;11;0;NA;"5_C5_BEMA_NA"
NA;NA;5;"C5";NA;0;"CETE";1;111;4,5;0,01;NA;125,5;158,5;2951;0;0;575;54;0;5;6;NA;"5_C5_CETE_NA"
NA;NA;5;"C5";NA;0;"CHFU";1;32;3;0,01;NA;125,5;158,5;2949;2;1;574;54;0;11;0;NA;"5_C5_CHFU_NA"
NA;NA;5;"D2";NA;0;"BEMA";3;4;4;0,01;NA;127;154;2773;178;40;589;63;3;14;0;NA;"5_D2_BEMA_NA"
NA;NA;5;"D2";NA;0;"CETE";1;111;7;0,01;NA;127;154;2951;0;0;629;66;0;6;0;NA;"5_D2_CETE_NA"
NA;NA;5;"D2";NA;2;"LEMA";7;58;1;2;NA;127;154;2657;294;57;572;59;7;8;0;NA;"5_D2_LEMA_NA"
NA;NA;5;"D3";NA;0;"BEMA";2;4;11;0,01;NA;127;155,5;2773;178;54;544;75;2;11;0;NA;"5_D3_BEMA_NA"
NA;NA;5;"D3";NA;0;"LEMA";5;58;1;0,01;NA;127;155,5;2657;294;70;528;72;5;9;1;NA;"5_D3_LEMA_NA"
NA;NA;5;"D4";NA;0;"BEMA";8;4;16;0,01;NA;127;157;2773;178;40;537;55;8;12;1;NA;"5_D4_BEMA_NA"
NA;NA;5;"D4";NA;0;"LEMA";5;58;1;0,01;NA;127;157;2657;294;73;504;58;5;14;0;NA;"5_D4_LEMA_NA"
NA;NA;5;"E2";NA;0;"BEMA";6;4;7;0,01;NA;128,5;154;2773;178;35;652;46;6;4;2;NA;"5_E2_BEMA_NA"
NA;NA;5;"E2";NA;0;"LEMA";6;58;1;0,01;NA;128,5;154;2657;294;77;610;46;6;6;2;NA;"5_E2_LEMA_NA"
NA;NA;5;"E3";NA;0;"BEMA";6;4;26;0,01;NA;128,5;155,5;2773;178;46;587;83;6;12;1;NA;"5_E3_BEMA_NA"
NA;NA;5;"E3";NA;0;"CETE";1;111;4;0,01;NA;128,5;155,5;2951;0;0;633;89;0;6;0;NA;"5_E3_CETE_NA"
NA;NA;5;"E3";NA;0;"LEMA";13;58;1;0,01;NA;128,5;155,5;2657;294;87;546;76;13;7;0;NA;"5_E3_LEMA_NA"
NA;NA;5;"E4";NA;0;"BEMA";6;4;28;0,01;NA;128,5;157;2773;178;39;612;102;6;11;0;NA;"5_E4_BEMA_NA"
NA;NA;5;"E4";NA;0;"CETE";1;111;4;0,01;NA;128,5;157;2951;0;0;651;108;0;6;0;NA;"5_E4_CETE_NA"
NA;NA;5;"E4";NA;0;"LEMA";12;58;1;0,01;NA;128,5;157;2657;294;102;549;96;12;15;0;NA;"5_E4_LEMA_NA"
NA;NA;5;"E4";NA;0;"PUPA";1;23;3;0,01;NA;128,5;157;2948;3;0;651;108;0;6;0;NA;"5_E4_PUPA_NA"
NA;NA;5;"E5";NA;0;"BEMA";1;4;7;0,01;NA;128,5;158,5;2773;178;46;604;70;0;7;1;NA;"5_E5_BEMA_NA"
NA;NA;5;"E5";NA;0;"LEMA";10;58;8;0,01;NA;128,5;158,5;2657;294;106;544;60;10;5;0;NA;"5_E5_LEMA_NA"
NA;NA;6;"B5";NA;0;"PUPA";1;23;19;0,01;NA;144;160,5;3252;3;2;668;74;0;9;0;NA;"6_B5_PUPA_NA"
NA;NA;6;"C3";NA;0;"PUPA";1;23;8;0,01;NA;145,5;157,5;3252;3;2;759;113;1;6;0;NA;"6_C3_PUPA_NA"
NA;NA;7;"B2";NA;0;"BEMA";2;4;67;0,01;NA;235;289;7298;269;46;1642;138;2;10;0;NA;"7_B2_BEMA_NA"
NA;NA;7;"B2";NA;0;"CETE";1;111;2;0,01;NA;235;289;7147;420;37;1651;140;0;4;0;NA;"7_B2_CETE_NA"
NA;NA;7;"B2";NA;0;"CHFU";1;32;4;0,01;NA;235;289;7455;112;22;1666;140;0;3;0;NA;"7_B2_CHFU_NA"
NA;NA;7;"B2";NA;0;"PUPA";1;23;6;0,01;NA;235;289;7345;222;57;1631;139;1;5;3;NA;"7_B2_PUPA_NA"
NA;NA;7;"B2";NA;0;"SCLA";12;31;1;0,01;NA;235;289;7400;167;28;1660;128;12;5;0;NA;"7_B2_SCLA_NA"
NA;NA;7;"B3";NA;0;"BEMA";5;4;80;0,01;NA;235;290,5;7298;269;52;1818;190;5;6;0;NA;"7_B3_BEMA_NA"
NA;NA;7;"B3";NA;0;"CETE";3;111;16;0,01;NA;235;290,5;7147;420;92;1778;192;3;3;0;NA;"7_B3_CETE_NA"
NA;NA;7;"B3";NA;0;"PUPA";22;23;10;0,01;NA;235;290,5;7345;222;32;1838;173;22;7;0;NA;"7_B3_PUPA_NA"
NA;NA;7;"B3";NA;0;"SCLA";3;31;1;0,01;NA;235;290,5;7400;167;34;1836;192;3;8;0;NA;"7_B3_SCLA_NA"
NA;NA;7;"B3";NA;0;"SOAS";1;55;3;0,01;NA;235;290,5;7494;73;11;1859;195;0;11;0;NA;"7_B3_SOAS_NA"
NA;NA;7;"B3";NA;0;"SPRU";88;24;40;0,01;NA;235;290,5;6343;1224;368;1502;107;88;1;8;NA;"7_B3_SPRU_NA"
NA;NA;7;"B4";NA;0;"BEMA";12;4;30;0,01;NA;235;292;7298;269;78;1874;280;12;7;0;NA;"7_B4_BEMA_NA"
NA;NA;7;"B4";NA;0;"CETE";39;111;10;0,01;NA;235;292;7147;420;183;1769;253;39;5;0;NA;"7_B4_CETE_NA"
NA;NA;7;"B4";NA;0;"CHFU";20;32;1;0,01;NA;235;292;7455;112;10;1942;272;20;3;2;NA;"7_B4_CHFU_NA"
NA;NA;7;"B4";NA;0;"MESU";14;1;3;0,01;NA;235;292;6932;635;72;1880;278;14;3;5;NA;"7_B4_MESU_NA"
NA;NA;7;"B4";NA;0;"PUPA";1;23;4;0,01;NA;235;292;7345;222;82;1870;292;0;6;0;NA;"7_B4_PUPA_NA"
NA;NA;7;"B4";NA;0;"SCLA";3;31;1;0,01;NA;235;292;7400;167;21;1931;289;3;10;0;NA;"7_B4_SCLA_NA"
NA;NA;7;"B4";NA;0;"SPRU";4;24;30;0,01;NA;235;292;6343;1224;414;1538;288;4;4;0;NA;"7_B4_SPRU_NA"
NA;NA;7;"B5";NA;0;"BEMA";8;4;45;0,01;NA;235;293,5;7298;269;104;1695;325;8;11;1;NA;"7_B5_BEMA_NA"
NA;NA;7;"B5";NA;0;"CETE";68;111;16;0,01;NA;235;293,5;7147;420;199;1600;265;68;12;0;NA;"7_B5_CETE_NA"
NA;NA;7;"B5";NA;0;"CHFU";7;32;1;0,01;NA;235;293,5;7455;112;48;1751;326;7;8;0;NA;"7_B5_CHFU_NA"
NA;NA;7;"B5";NA;0;"PUPA";5;23;6;0,01;NA;235;293,5;7345;222;101;1698;328;5;5;2;NA;"7_B5_PUPA_NA"
NA;NA;7;"B5";NA;0;"SCLA";3;31;1;0,01;NA;235;293,5;7400;167;28;1771;330;3;12;0;NA;"7_B5_SCLA_NA"
NA;NA;7;"B5";NA;0;"SPRU";17;24;60;0,01;NA;235;293,5;6343;1224;231;1568;316;17;8;1;NA;"7_B5_SPRU_NA"
NA;NA;7;"C2";NA;0;"CETE";1;111;9;0,01;NA;236,5;289;7147;420;43;1244;205;0;3;0;NA;"7_C2_CETE_NA"
NA;NA;7;"C2";NA;0;"CHFU";7;32;4;0,01;NA;236,5;289;7455;112;16;1271;198;7;3;1;NA;"7_C2_CHFU_NA"
NA;NA;7;"C2";NA;0;"MESU";26;1;9;0,01;NA;236,5;289;6932;635;100;1187;179;26;3;0;NA;"7_C2_MESU_NA"
NA;NA;7;"C2";NA;0;"PUPA";2;23;13;0,01;NA;236,5;289;7345;222;54;1233;203;2;6;0;NA;"7_C2_PUPA_NA"
NA;NA;7;"C2";NA;0;"SCLA";2;31;1;0,01;NA;236,5;289;7400;167;33;1254;203;2;6;2;NA;"7_C2_SCLA_NA"
NA;NA;7;"C2";NA;0;"SOAS";1;55;1;0,01;NA;236,5;289;7494;73;11;1276;204;1;5;0;NA;"7_C2_SOAS_NA"
NA;NA;7;"C3";NA;0;"BEMA";10;4;18;0,01;NA;236,5;290,5;7298;269;51;1519;136;10;6;0;NA;"7_C3_BEMA_NA"
NA;NA;7;"C3";NA;0;"CETE";7;111;1;0,01;NA;236,5;290,5;7147;420;91;1479;139;7;5;0;NA;"7_C3_CETE_NA"
NA;NA;7;"C3";NA;0;"CHFU";1;32;2;0,01;NA;236,5;290,5;7455;112;33;1537;145;1;6;0;NA;"7_C3_CHFU_NA"
NA;NA;7;"C3";NA;0;"MESU";4;1;40;0,01;NA;236,5;290,5;6932;635;104;1466;142;4;6;0;NA;"7_C3_MESU_NA"
NA;NA;7;"C3";NA;0;"PUPA";18;23;7;0,01;NA;236,5;290,5;7345;222;34;1536;128;18;3;6;NA;"7_C3_PUPA_NA"
NA;NA;7;"C3";NA;0;"SOAS";2;55;1;0,01;NA;236,5;290,5;7494;73;11;1559;144;2;11;0;NA;"7_C3_SOAS_NA"
NA;NA;7;"C3";NA;0;"SPRU";14;24;34;0,01;NA;236,5;290,5;6343;1224;233;1337;132;14;9;0;NA;"7_C3_SPRU_NA"
NA;NA;7;"C4";NA;0;"BEMA";11;4;40;0,01;NA;236,5;292;7298;269;77;1674;144;11;5;0;NA;"7_C4_BEMA_NA"
NA;NA;7;"C4";NA;0;"CHFU";1;32;1;0,01;NA;236,5;292;7455;112;28;1723;155;0;6;0;NA;"7_C4_CHFU_NA"
NA;NA;7;"C4";NA;0;"MESU";3;1;27;0,01;NA;236,5;292;6932;635;72;1679;152;3;5;0;NA;"7_C4_MESU_NA"
NA;NA;7;"C4";NA;0;"PUPA";3;23;4;0,01;NA;236,5;292;7345;222;66;1685;152;3;8;0;NA;"7_C4_PUPA_NA"
NA;NA;7;"C4";NA;0;"SCLA";5;31;2;0,01;NA;236,5;292;7400;167;58;1693;150;5;3;0;NA;"7_C4_SCLA_NA"
NA;NA;7;"C4";NA;0;"SOAS";1;55;1;0,01;NA;236,5;292;7494;73;15;1736;154;1;12;0;NA;"7_C4_SOAS_NA"
NA;NA;7;"C5";NA;0;"BEMA";17;4;10;0,01;NA;236,5;293,5;7298;269;89;1637;137;17;8;0;NA;"7_C5_BEMA_NA"
NA;NA;7;"C5";NA;0;"CETE";29;111;6;0,01;NA;236,5;293,5;7147;420;189;1537;125;29;5;0;NA;"7_C5_CETE_NA"
NA;NA;7;"C5";NA;0;"PUPA";15;23;4;0,01;NA;236,5;293,5;7345;222;67;1659;139;15;2;3;NA;"7_C5_PUPA_NA"
NA;NA;7;"C5";NA;0;"SCLA";2;31;1;0,01;NA;236,5;293,5;7400;167;71;1655;152;2;14;0;NA;"7_C5_SCLA_NA"
NA;NA;7;"C5";NA;0;"SPRU";12;24;40;0,01;NA;236,5;293,5;6343;1224;121;1605;142;12;3;2;NA;"7_C5_SPRU_NA"
NA;NA;7;"D2";NA;0;"BEMA";5;4;21;0,01;NA;238;289;7298;269;42;1392;136;5;5;0;NA;"7_D2_BEMA_NA"
NA;NA;7;"D2";NA;0;"CETE";1;111;22;0,01;NA;238;289;7147;420;58;1376;140;1;6;0;NA;"7_D2_CETE_NA"
NA;NA;7;"D2";NA;0;"CHFU";6;32;3;0,01;NA;238;289;7455;112;29;1405;135;6;4;0;NA;"7_D2_CHFU_NA"
NA;NA;7;"D2";NA;0;"LEMA";16;58;2;0,01;NA;238;289;6322;1245;212;1222;125;16;6;0;NA;"7_D2_LEMA_NA"
NA;NA;7;"D2";NA;0;"MESU";14;1;12;0,01;NA;238;289;6932;635;99;1335;127;14;2;1;NA;"7_D2_MESU_NA"
NA;NA;7;"D2";NA;0;"SCLA";6;31;1;0,01;NA;238;289;7400;167;16;1418;135;6;4;1;NA;"7_D2_SCLA_NA"
NA;NA;7;"D2";NA;0;"SOAS";2;55;5;0,01;NA;238;289;7494;73;14;1420;139;2;6;0;NA;"7_D2_SOAS_NA"
NA;NA;7;"D2";NA;0;"SPRU";16;24;93;0,01;NA;238;289;6343;1224;271;1163;125;16;8;0;NA;"7_D2_SPRU_NA"
NA;NA;7;"D3";NA;0;"BEMA";6;4;16;0,01;NA;238;290,5;7298;269;51;1452;190;6;5;3;NA;"7_D3_BEMA_NA"
NA;NA;7;"D3";NA;0;"CETE";20;111;6;0,01;NA;238;290,5;7147;420;67;1436;176;20;5;4;NA;"7_D3_CETE_NA"
NA;NA;7;"D3";NA;0;"CHFU";1;32;1;0,01;NA;238;290,5;7455;112;19;1484;196;0;10;0;NA;"7_D3_CHFU_NA"
NA;NA;7;"D3";NA;0;"LEMA";40;58;2;0,01;NA;238;290,5;6322;1245;267;1236;156;40;8;1;NA;"7_D3_LEMA_NA"
NA;NA;7;"D3";NA;0;"PUPA";6;23;5,5;0,01;NA;238;290,5;7345;222;44;1459;190;6;5;0;NA;"7_D3_PUPA_NA"
NA;NA;7;"D3";NA;0;"SCLA";1;31;1;0,01;NA;238;290,5;7400;167;64;1439;196;0;7;0;NA;"7_D3_SCLA_NA"
NA;NA;7;"D4";NA;0;"BEMA";6;4;33;0,01;NA;238;292;7298;269;75;1386;240;6;6;1;NA;"7_D4_BEMA_NA"
NA;NA;7;"D4";NA;0;"CETE";13;111;15;0,01;NA;238;292;7147;420;109;1352;233;13;5;0;NA;"7_D4_CETE_NA"
NA;NA;7;"D4";NA;0;"MESU";12;1;13;0,01;NA;238;292;6932;635;138;1323;234;12;3;2;NA;"7_D4_MESU_NA"
NA;NA;7;"D4";NA;0;"PUPA";1;23;8;0,01;NA;238;292;7345;222;60;1401;246;0;7;2;NA;"7_D4_PUPA_NA"
NA;NA;7;"D4";NA;0;"SCLA";45;31;1;0,01;NA;238;292;7400;167;16;1445;201;45;6;1;NA;"7_D4_SCLA_NA"
NA;NA;7;"D4";NA;0;"SPRU";30;24;15;0,01;NA;238;292;6343;1224;149;1312;216;30;6;0;NA;"7_D4_SPRU_NA"
NA;NA;7;"D5";NA;0;"BEMA";13;4;60;0,01;NA;238;293,5;7298;269;89;1389;176;13;8;2;NA;"7_D5_BEMA_NA"
NA;NA;7;"D5";NA;0;"CETE";8;111;8;0,01;NA;238;293,5;7147;420;100;1378;181;8;1;2;NA;"7_D5_CETE_NA"
NA;NA;7;"D5";NA;0;"MESU";13;1;9;0,01;NA;238;293,5;6932;635;144;1334;176;13;6;0;NA;"7_D5_MESU_NA"
NA;NA;7;"D5";NA;0;"PUPA";1;23;7;0,01;NA;238;293,5;7345;222;66;1412;189;0;2;1;NA;"7_D5_PUPA_NA"
NA;NA;7;"D5";NA;0;"SCLA";2;31;1;0,01;NA;238;293,5;7400;167;75;1403;187;2;23;0;NA;"7_D5_SCLA_NA"
NA;NA;7;"D5";NA;0;"SPRU";19;24;76;0,01;NA;238;293,5;6343;1224;141;1337;170;19;14;1;NA;"7_D5_SPRU_NA"
NA;NA;7;"E2";NA;0;"BEMA";3;4;26;0,01;NA;239,5;289;7298;269;32;1380;215;3;8;0;NA;"7_E2_BEMA_NA"
NA;NA;7;"E2";NA;0;"CETE";6;111;11;0,01;NA;239,5;289;7147;420;47;1365;212;6;5;0;NA;"7_E2_CETE_NA"
NA;NA;7;"E2";NA;0;"CHFU";3;32;4;0,01;NA;239,5;289;7455;112;30;1382;215;3;5;0;NA;"7_E2_CHFU_NA"
NA;NA;7;"E2";NA;0;"MESU";12;1;8;0,01;NA;239,5;289;6932;635;123;1289;206;12;3;0;NA;"7_E2_MESU_NA"
NA;NA;7;"E2";NA;0;"PUPA";4;23;14;0,01;NA;239,5;289;7345;222;17;1395;214;4;2;1;NA;"7_E2_PUPA_NA"
NA;NA;7;"E2";NA;0;"SCLA";1;31;1;0,01;NA;239,5;289;7400;167;25;1387;217;1;7;0;NA;"7_E2_SCLA_NA"
NA;NA;7;"E2";NA;0;"SOAS";2;55;10;0,01;NA;239,5;289;7494;73;17;1395;216;2;5;0;NA;"7_E2_SOAS_NA"
NA;NA;7;"E2";NA;0;"SPRU";68;24;33;0,01;NA;239,5;289;6343;1224;347;1065;150;68;0;7;NA;"7_E2_SPRU_NA"
NA;NA;7;"E3";NA;0;"BEMA";4;4;16;0,01;NA;239,5;290,5;7298;269;42;1551;171;4;7;1;NA;"7_E3_BEMA_NA"
NA;NA;7;"E3";NA;0;"CETE";21;111;26;0,01;NA;239,5;290,5;7147;420;54;1539;154;21;4;2;NA;"7_E3_CETE_NA"
NA;NA;7;"E3";NA;0;"CHFU";1;32;2;0,01;NA;239,5;290,5;7455;112;20;1573;175;0;8;0;NA;"7_E3_CHFU_NA"
NA;NA;7;"E3";NA;0;"LEMA";24;58;1;0,01;NA;239,5;290,5;6322;1245;279;1314;151;24;7;3;NA;"7_E3_LEMA_NA"
NA;NA;7;"E3";NA;0;"MESU";14;1;16;0,01;NA;239,5;290,5;6932;635;139;1454;161;14;6;0;NA;"7_E3_MESU_NA"
NA;NA;7;"E3";NA;0;"PUPA";8;23;8;0,01;NA;239,5;290,5;7345;222;30;1563;167;8;9;3;NA;"7_E3_PUPA_NA"
NA;NA;7;"E3";NA;0;"SOAS";2;55;3;0,01;NA;239,5;290,5;7494;73;11;1582;173;2;4;1;NA;"7_E3_SOAS_NA"
NA;NA;7;"E3";NA;0;"SPRU";14;24;60;0,01;NA;239,5;290,5;6343;1224;327;1266;161;14;5;1;NA;"7_E3_SPRU_NA"
NA;NA;7;"E4";NA;0;"BEMA";8;4;24;0,01;NA;239,5;292;7298;269;54;1539;209;8;4;0;NA;"7_E4_BEMA_NA"
NA;NA;7;"E4";NA;0;"CETE";4;111;14;0,01;NA;239,5;292;7147;420;80;1513;213;4;6;1;NA;"7_E4_CETE_NA"
NA;NA;7;"E4";NA;0;"MESU";26;1;7;0,01;NA;239,5;292;6932;635;194;1399;191;26;12;0;NA;"7_E4_MESU_NA"
NA;NA;7;"E4";NA;0;"PUPA";9;23;7;0,01;NA;239,5;292;7345;222;30;1563;208;9;3;2;NA;"7_E4_PUPA_NA"
NA;NA;7;"E4";NA;0;"SCLA";2;31;1;0,01;NA;239,5;292;7400;167;52;1541;215;2;13;0;NA;"7_E4_SCLA_NA"
NA;NA;7;"E4";NA;0;"SOAS";1;55;2;0,01;NA;239,5;292;7494;73;12;1581;217;0;7;0;NA;"7_E4_SOAS_NA"
NA;NA;7;"E4";NA;0;"SPRU";13;24;43;0,01;NA;239,5;292;6343;1224;213;1380;204;13;20;0;NA;"7_E4_SPRU_NA"
NA;NA;7;"E5";NA;0;"CETE";5;111;4;0,01;NA;239,5;293,5;7147;420;58;1690;224;5;5;0;NA;"7_E5_CETE_NA"
NA;NA;7;"E5";NA;0;"MESU";62;1;7;0,01;NA;239,5;293,5;6932;635;150;1598;167;62;7;2;NA;"7_E5_MESU_NA"
NA;NA;7;"E5";NA;0;"PUPA";1;23;6;0,01;NA;239,5;293,5;7345;222;36;1712;228;1;4;0;NA;"7_E5_PUPA_NA"
NA;NA;7;"E5";NA;0;"SCLA";2;31;1;0,01;NA;239,5;293,5;7400;167;68;1680;227;2;10;0;NA;"7_E5_SCLA_NA"
NA;NA;7;"E5";NA;0;"SOAS";3;55;1;0,01;NA;239,5;293,5;7494;73;13;1735;226;3;8;0;NA;"7_E5_SOAS_NA"
NA;NA;7;"E5";NA;0;"SPRU";24;24;160;0,01;NA;239,5;293,5;6343;1224;174;1574;205;24;3;2;NA;"7_E5_SPRU_NA"
NA;NA;8;"B2";NA;0;"BEMA";13;4;9;0,01;NA;274;270;7389;311;70;1563;211;13;17;0;NA;"8_B2_BEMA_NA"
NA;NA;8;"B2";NA;0;"CETE";5;111;8;0,01;NA;274;270;7000;700;62;1571;219;5;0;0;NA;"8_B2_CETE_NA"
NA;NA;8;"B2";NA;0;"MESU";6;1;73;0,01;NA;274;270;7339;361;101;1532;218;6;11;0;NA;"8_B2_MESU_NA"
NA;NA;8;"B2";NA;0;"SOAS";10;55;4;0,01;NA;274;270;7502;198;54;1579;214;10;10;0;NA;"8_B2_SOAS_NA"
NA;NA;8;"B2";NA;0;"SPRU";14;24;96;0,01;NA;274;270;7031;669;288;1345;210;14;10;0;NA;"8_B2_SPRU_NA"
NA;NA;8;"B3";NA;0;"BEMA";8;4;11;0,01;NA;274;271,5;7389;311;73;1547;177;8;11;0;NA;"8_B3_BEMA_NA"
NA;NA;8;"B3";NA;0;"CHFU";4;32;1;0,01;NA;274;271,5;7142;558;79;1541;181;4;6;0;NA;"8_B3_CHFU_NA"
NA;NA;8;"B3";NA;0;"SCLA";4;31;5;0,01;NA;274;271,5;7606;94;45;1575;181;4;4;0;NA;"8_B3_SCLA_NA"
NA;NA;8;"B3";NA;0;"SOAS";5;55;5;0,01;NA;274;271,5;7502;198;65;1555;180;5;4;0;NA;"8_B3_SOAS_NA"
NA;NA;8;"B3";NA;0;"SPRU";1;24;32;0,01;NA;274;271,5;7031;669;69;1551;185;0;15;0;NA;"8_B3_SPRU_NA"
NA;NA;8;"B4";NA;0;"BEMA";9;4;15;0,01;NA;274;273;7389;311;73;1791;194;9;4;2;NA;"8_B4_BEMA_NA"
NA;NA;8;"B4";NA;0;"CETE";17;111;3;0,01;NA;274;273;7000;700;146;1718;186;17;3;1;NA;"8_B4_CETE_NA"
NA;NA;8;"B4";NA;0;"SCLA";4;31;1;0,01;NA;274;273;7606;94;17;1847;199;4;11;0;NA;"8_B4_SCLA_NA"
NA;NA;8;"B4";NA;0;"SOAS";5;55;2;0,01;NA;274;273;7502;198;51;1813;198;5;7;1;NA;"8_B4_SOAS_NA"
NA;NA;8;"B5";NA;0;"BEMA";7;4;12;0,01;NA;274;274,5;7389;311;76;1773;318;7;12;0;NA;"8_B5_BEMA_NA"
NA;NA;8;"B5";NA;0;"CETE";19;111;4;0,01;NA;274;274,5;7000;700;158;1691;306;19;1;0;NA;"8_B5_CETE_NA"
NA;NA;8;"B5";NA;0;"MESU";8;1;47;0,01;NA;274;274,5;7339;361;56;1793;317;8;5;0;NA;"8_B5_MESU_NA"
NA;NA;8;"B5";NA;0;"SOAS";4;55;5;0,01;NA;274;274,5;7502;198;44;1805;321;4;11;0;NA;"8_B5_SOAS_NA"
NA;NA;8;"C2";NA;0;"MESU";7;1;30;0,01;NA;275,5;270;7339;361;103;1541;254;7;2;1;NA;"8_C2_MESU_NA"
NA;NA;8;"C2";NA;0;"PUPA";7;23;6,5;0,01;NA;275,5;270;6797;903;139;1505;254;7;4;1;NA;"8_C2_PUPA_NA"
NA;NA;8;"C2";NA;0;"SCLA";3;31;1;0,01;NA;275,5;270;7606;94;33;1611;258;3;6;0;NA;"8_C2_SCLA_NA"
NA;NA;8;"C2";NA;0;"SOAS";16;55;2;0,01;NA;275,5;270;7502;198;50;1594;245;16;8;0;NA;"8_C2_SOAS_NA"
NA;NA;8;"C2";NA;0;"SPRU";25;24;36;0,01;NA;275,5;270;7031;669;287;1357;236;25;3;4;NA;"8_C2_SPRU_NA"
NA;NA;8;"C3";NA;0;"BEMA";9;4;3;0,01;NA;275,5;271,5;7389;311;77;1556;119;9;8;0;NA;"8_C3_BEMA_NA"
NA;NA;8;"C3";NA;0;"CETE";7;111;8;0,01;NA;275,5;271,5;7000;700;143;1490;121;7;1;0;NA;"8_C3_CETE_NA"
NA;NA;8;"C3";NA;0;"PUPA";15;23;3;0,01;NA;275,5;271,5;6797;903;197;1436;113;15;3;0;NA;"8_C3_PUPA_NA"
NA;NA;8;"C3";NA;0;"SCLA";5;31;2;0,01;NA;275,5;271,5;7606;94;19;1614;123;5;10;0;NA;"8_C3_SCLA_NA"
NA;NA;8;"C3";NA;0;"SOAS";14;55;1;0,01;NA;275,5;271,5;7502;198;56;1577;114;14;12;0;NA;"8_C3_SOAS_NA"
NA;NA;8;"C4";NA;0;"BEMA";8;4;8;0,01;NA;275,5;273;7389;311;75;1629;226;8;9;0;NA;"8_C4_BEMA_NA"
NA;NA;8;"C5";NA;0;"BEMA";19;4;7;0,01;NA;275,5;274,5;7389;311;70;1621;210;19;8;0;NA;"8_C5_BEMA_NA"
NA;NA;8;"C5";NA;0;"CETE";28;111;16;0,01;NA;275,5;274,5;7000;700;213;1478;201;28;1;1;NA;"8_C5_CETE_NA"
NA;NA;8;"C5";NA;0;"MESU";8;1;11;0,01;NA;275,5;274,5;7339;361;65;1626;221;8;1;0;NA;"8_C5_MESU_NA"
NA;NA;8;"C5";NA;0;"PUPA";51;23;6,5;0,01;NA;275,5;274,5;6797;903;265;1426;178;51;0;2;NA;"8_C5_PUPA_NA"
NA;NA;8;"C5";NA;0;"SCLA";1;31;1;0,01;NA;275,5;274,5;7606;94;10;1681;228;1;12;0;NA;"8_C5_SCLA_NA"
NA;NA;8;"C5";NA;0;"SPRU";7;24;83;0,01;NA;275,5;274,5;7031;669;17;1674;222;7;6;2;NA;"8_C5_SPRU_NA"
NA;NA;8;"D2";NA;0;"BEMA";15;4;11;0,01;NA;277;270;7389;311;73;1733;170;15;6;3;NA;"8_D2_BEMA_NA"
NA;NA;8;"D2";NA;0;"CETE";7;111;7;0,01;NA;277;270;7000;700;132;1674;178;7;3;0;NA;"8_D2_CETE_NA"
NA;NA;8;"D2";NA;0;"MESU";16;1;15;0,01;NA;277;270;7339;361;89;1717;169;16;1;1;NA;"8_D2_MESU_NA"
NA;NA;8;"D2";NA;0;"SCLA";3;31;1;0,01;NA;277;270;7606;94;30;1776;182;3;4;0;NA;"8_D2_SCLA_NA"
NA;NA;8;"D2";NA;0;"SOAS";4;55;2;0,01;NA;277;270;7502;198;59;1747;181;4;3;0;NA;"8_D2_SOAS_NA"
NA;NA;8;"D3";NA;0;"BEMA";7;4;5;0,01;NA;277;271,5;7389;311;79;1466;208;7;4;0;NA;"8_D3_BEMA_NA"
NA;NA;8;"D3";NA;0;"CETE";44;111;8;0,01;NA;277;271,5;7000;700;176;1369;171;44;3;6;NA;"8_D3_CETE_NA"
NA;NA;8;"D3";NA;0;"LEMA";24;58;3;0,01;NA;277;271,5;6812;888;221;1324;191;24;11;1;NA;"8_D3_LEMA_NA"
NA;NA;8;"D3";NA;0;"MESU";8;1;12;0,01;NA;277;271,5;7339;361;82;1463;207;8;4;0;NA;"8_D3_MESU_NA"
NA;NA;8;"D3";NA;0;"PUPA";58;23;4;0,01;NA;277;271,5;6797;903;215;1330;157;58;4;0;NA;"8_D3_PUPA_NA"
NA;NA;8;"D3";NA;0;"SOAS";7;55;2;0,01;NA;277;271,5;7502;198;54;1491;208;7;11;0;NA;"8_D3_SOAS_NA"
NA;NA;8;"D4";NA;0;"BEMA";3;4;9;0,01;NA;277;273;7389;311;90;1667;123;3;4;2;NA;"8_D4_BEMA_NA"
NA;NA;8;"D4";NA;0;"SCLA";2;31;2;0,01;NA;277;273;7606;94;12;1745;124;2;4;0;NA;"8_D4_SCLA_NA"
NA;NA;8;"D4";NA;0;"SOAS";1;55;4;0,01;NA;277;273;7502;198;58;1699;125;1;10;0;NA;"8_D4_SOAS_NA"
NA;NA;8;"D5";NA;0;"BEMA";13;4;13;0,01;NA;277;274,5;7389;311;86;1666;280;13;8;1;NA;"8_D5_BEMA_NA"
NA;NA;8;"D5";NA;0;"CETE";39;111;12;0,01;NA;277;274,5;7000;700;309;1443;254;39;3;0;NA;"8_D5_CETE_NA"
NA;NA;8;"D5";NA;0;"MESU";6;1;35;0,01;NA;277;274,5;7339;361;74;1678;287;6;2;0;NA;"8_D5_MESU_NA"
NA;NA;8;"D5";NA;0;"SCLA";1;31;2;0,01;NA;277;274,5;7606;94;7;1745;292;1;11;1;NA;"8_D5_SCLA_NA"
NA;NA;8;"D5";NA;0;"SOAS";10;55;3;0,01;NA;277;274,5;7502;198;50;1702;283;10;9;0;NA;"8_D5_SOAS_NA"
NA;NA;8;"D5";NA;0;"SPRU";7;24;15;0,01;NA;277;274,5;7031;669;16;1736;286;7;5;2;NA;"8_D5_SPRU_NA"
NA;NA;8;"E2";NA;0;"BEMA";2;4;6;0,01;NA;278,5;270;7389;311;66;1586;170;2;4;0;NA;"8_E2_BEMA_NA"
NA;NA;8;"E2";NA;0;"CETE";15;111;3;0,01;NA;278,5;270;7000;700;107;1545;157;15;9;1;NA;"8_E2_CETE_NA"
NA;NA;8;"E2";NA;0;"CHFU";6;32;2;0,01;NA;278,5;270;7142;558;142;1510;166;6;9;0;NA;"8_E2_CHFU_NA"
NA;NA;8;"E2";NA;0;"LEMA";20;58;1;0,01;NA;278,5;270;6812;888;230;1422;152;20;10;0;NA;"8_E2_LEMA_NA"
NA;NA;8;"E2";NA;0;"MESU";4;1;14;0,01;NA;278,5;270;7339;361;98;1554;168;4;7;0;NA;"8_E2_MESU_NA"
NA;NA;8;"E2";NA;0;"SOAS";2;55;1;0,01;NA;278,5;270;7502;198;26;1626;170;2;6;0;NA;"8_E2_SOAS_NA"
NA;NA;8;"E2";NA;0;"SPRU";12;24;23;0,01;NA;278,5;270;7031;669;311;1341;160;12;6;2;NA;"8_E2_SPRU_NA"
NA;NA;8;"E3";NA;0;"CETE";26;111;11;0,01;NA;278,5;271,5;7000;700;164;1100;207;26;7;0;NA;"8_E3_CETE_NA"
NA;NA;8;"E3";NA;0;"MESU";17;1;11;0,01;NA;278,5;271,5;7339;361;70;1194;216;17;9;0;NA;"8_E3_MESU_NA"
NA;NA;8;"E3";NA;0;"SCLA";3;31;1;0,01;NA;278,5;271,5;7606;94;8;1256;230;3;9;1;NA;"8_E3_SCLA_NA"
NA;NA;8;"E4";NA;0;"BEMA";9;4;7;0,01;NA;278,5;273;7389;311;63;1462;197;9;8;0;NA;"8_E4_BEMA_NA"
NA;NA;8;"E4";NA;0;"CETE";57;111;12;0,01;NA;278,5;273;7000;700;199;1326;149;57;6;0;NA;"8_E4_CETE_NA"
NA;NA;8;"E4";NA;0;"CHFU";12;32;7;0,01;NA;278,5;273;7142;558;111;1414;194;12;10;0;NA;"8_E4_CHFU_NA"
NA;NA;8;"E4";NA;0;"MESU";7;1;22;0,01;NA;278,5;273;7339;361;86;1439;199;7;6;1;NA;"8_E4_MESU_NA"
NA;NA;8;"E4";NA;0;"PUPA";45;23;7;0,01;NA;278,5;273;6797;903;248;1277;161;45;1;4;NA;"8_E4_PUPA_NA"
NA;NA;8;"E4";NA;0;"SPRU";3;24;10;0,01;NA;278,5;273;7031;669;62;1463;203;3;14;0;NA;"8_E4_SPRU_NA"
NA;NA;8;"E5";NA;0;"BEMA";6;4;6;0,01;NA;278,5;274,5;7389;311;71;1555;213;6;7;6;NA;"8_E5_BEMA_NA"
NA;NA;8;"E5";NA;0;"CETE";24;111;13;0,01;NA;278,5;274,5;7000;700;310;1316;195;24;5;0;NA;"8_E5_CETE_NA"
NA;NA;8;"E5";NA;0;"CHFU";12;32;2;0,01;NA;278,5;274,5;7142;558;106;1520;207;12;15;0;NA;"8_E5_CHFU_NA"
NA;NA;8;"E5";NA;0;"MESU";12;1;10;0,01;NA;278,5;274,5;7339;361;76;1550;207;12;4;2;NA;"8_E5_MESU_NA"
NA;NA;8;"E5";NA;0;"SCLA";1;31;1;0,01;NA;278,5;274,5;7606;94;8;1618;218;1;7;0;NA;"8_E5_SCLA_NA"
NA;NA;8;"E5";NA;0;"SOAS";7;55;4;0,01;NA;278,5;274,5;7502;198;51;1575;212;7;8;0;NA;"8_E5_SOAS_NA"
NA;NA;8;"E5";NA;0;"SPRU";1;24;48;0,01;NA;278,5;274,5;7031;669;19;1607;218;1;10;0;NA;"8_E5_SPRU_NA"
NA;NA;9;"B2";NA;0;"CETE";4;111;24;0,01;NA;314;286;2627;153;15;484;52;4;1;0;NA;"9_B2_CETE_NA"
NA;NA;9;"B2";NA;0;"SCLA";27;31;9;0,01;NA;314;286;2413;367;120;379;29;27;1;0;NA;"9_B2_SCLA_NA"
NA;NA;9;"B2";NA;0;"SOAS";7;55;18;0,01;NA;314;286;2166;614;156;343;49;7;3;0;NA;"9_B2_SOAS_NA"
NA;NA;9;"B3";NA;0;"BEMA";1;4;4;0,01;NA;314;287,5;2621;159;14;498;58;0;1;3;NA;"9_B3_BEMA_NA"
NA;NA;9;"B3";NA;0;"CETE";6;111;5;0,01;NA;314;287,5;2627;153;16;496;52;6;1;2;NA;"9_B3_CETE_NA"
NA;NA;9;"B3";NA;0;"SCLA";16;31;6;0,01;NA;314;287,5;2413;367;135;377;42;16;2;0;NA;"9_B3_SCLA_NA"
NA;NA;9;"B4";NA;0;"BEMA";1;4;3;0,01;NA;314;289;2621;159;16;520;75;0;2;0;NA;"9_B4_BEMA_NA"
NA;NA;9;"B4";NA;0;"CETE";2;111;12;0,01;NA;314;289;2627;153;21;515;73;2;1;0;NA;"9_B4_CETE_NA"
NA;NA;9;"B4";NA;0;"SCLA";20;31;5;0,01;NA;314;289;2413;367;148;388;55;20;3;1;NA;"9_B4_SCLA_NA"
NA;NA;9;"B4";NA;0;"SOAS";36;55;21;0,01;NA;314;289;2166;614;193;343;39;36;2;2;NA;"9_B4_SOAS_NA"
NA;NA;9;"B5";NA;0;"CETE";1;111;10;0,01;NA;314;290,5;2627;153;30;546;84;0;4;2;NA;"9_B5_CETE_NA"
NA;NA;9;"B5";NA;0;"CHFU";2;32;2;0,01;NA;314;290,5;2383;397;20;556;82;2;5;0;NA;"9_B5_CHFU_NA"
NA;NA;9;"B5";NA;0;"SCLA";22;31;3;0,01;NA;314;290,5;2413;367;130;446;62;22;3;4;NA;"9_B5_SCLA_NA"
NA;NA;9;"B5";NA;0;"SOAS";22;55;15;0,01;NA;314;290,5;2166;614;232;344;62;22;13;1;NA;"9_B5_SOAS_NA"
NA;NA;9;"C2";NA;0;"CETE";3;111;6,33333333333333;0,01;NA;315,5;286;2627;153;38;509;70;3;1;0;NA;"9_C2_CETE_NA"
NA;NA;9;"C2";NA;0;"SCLA";4;31;5;0,01;NA;315,5;286;2413;367;85;462;69;4;1;2;NA;"9_C2_SCLA_NA"
NA;NA;9;"C2";NA;0;"SOAS";27;55;26;0,01;NA;315,5;286;2166;614;122;425;46;27;8;0;NA;"9_C2_SOAS_NA"
NA;NA;9;"C3";NA;0;"SOAS";21;55;19;0,01;NA;315,5;287,5;2166;614;149;394;44;21;2;0;NA;"9_C3_SOAS_NA"
NA;NA;9;"C4";NA;0;"SCLA";15;31;8;0,01;NA;315,5;289;2413;367;104;479;55;15;1;1;NA;"9_C4_SCLA_NA"
NA;NA;9;"C4";NA;0;"SOAS";24;55;14;0,01;NA;315,5;289;2166;614;174;409;46;24;2;2;NA;"9_C4_SOAS_NA"
NA;NA;9;"C5";NA;0;"SCLA";19;31;4;0,01;NA;315,5;290,5;2413;367;112;499;59;19;7;0;NA;"9_C5_SCLA_NA"
NA;NA;9;"C5";NA;0;"SOAS";30;55;4;0,01;NA;315,5;290,5;2166;614;196;415;48;30;3;1;NA;"9_C5_SOAS_NA"
NA;NA;9;"D2";NA;0;"BEMA";10;4;4;0,01;NA;317;286;2621;159;61;598;62;10;5;0;NA;"9_D2_BEMA_NA"
NA;NA;9;"D2";NA;0;"CETE";11;111;10;0,01;NA;317;286;2627;153;40;619;61;11;0;2;NA;"9_D2_CETE_NA"
NA;NA;9;"D2";NA;0;"PUPA";2;23;7;0,01;NA;317;286;2650;130;19;640;70;2;4;0;NA;"9_D2_PUPA_NA"
NA;NA;9;"D2";NA;0;"SOAS";13;55;28;0,01;NA;317;286;2166;614;121;538;59;13;3;0;NA;"9_D2_SOAS_NA"
NA;NA;9;"D3";NA;0;"BEMA";14;4;12;0,01;NA;317;287,5;2621;159;44;550;68;14;6;1;NA;"9_D3_BEMA_NA"
NA;NA;9;"D3";NA;0;"CETE";12;111;11;0,01;NA;317;287,5;2627;153;34;560;70;12;3;3;NA;"9_D3_CETE_NA"
NA;NA;9;"D3";NA;0;"SOAS";9;55;16;0,01;NA;317;287,5;2166;614;126;468;73;9;3;0;NA;"9_D3_SOAS_NA"
NA;NA;9;"D4";NA;0;"CETE";1;111;3;0,01;NA;317;289;2627;153;43;576;57;0;2;1;NA;"9_D4_CETE_NA"
NA;NA;9;"D5";NA;0;"BEMA";4;4;14;0,01;NA;317;290,5;2621;159;28;588;80;4;0;0;NA;"9_D5_BEMA_NA"
NA;NA;9;"D5";NA;0;"CETE";6;111;5;0,01;NA;317;290,5;2627;153;27;589;78;6;1;1;NA;"9_D5_CETE_NA"
NA;NA;9;"D5";NA;0;"SCLA";21;31;18;0,01;NA;317;290,5;2413;367;77;539;63;21;1;0;NA;"9_D5_SCLA_NA"
NA;NA;9;"D5";NA;0;"SOAS";23;55;27;0,01;NA;317;290,5;2166;614;184;432;61;23;1;0;NA;"9_D5_SOAS_NA"
NA;NA;9;"E2";NA;0;"BEMA";4;4;18;0,01;NA;318,5;286;2621;159;63;653;89;4;3;0;NA;"9_E2_BEMA_NA"
NA;NA;9;"E2";NA;0;"PUPA";1;23;21;0,01;NA;318,5;286;2650;130;35;681;93;0;0;0;NA;"9_E2_PUPA_NA"
NA;NA;9;"E2";NA;0;"SOAS";3;55;2;0,01;NA;318,5;286;2166;614;61;655;90;3;3;2;NA;"9_E2_SOAS_NA"
NA;NA;9;"E2";NA;0;"SPRU";35;24;18;0,01;NA;318,5;286;2570;210;129;587;58;35;4;4;NA;"9_E2_SPRU_NA"
NA;NA;9;"E3";NA;0;"BEMA";8;4;6;0,01;NA;318,5;287,5;2621;159;47;619;69;8;2;2;NA;"9_E3_BEMA_NA"
NA;NA;9;"E3";NA;0;"CETE";6;111;7;0,01;NA;318,5;287,5;2627;153;35;631;71;6;1;0;NA;"9_E3_CETE_NA"
NA;NA;9;"E3";NA;0;"SOAS";7;55;5;0,01;NA;318,5;287,5;2166;614;61;605;70;7;5;0;NA;"9_E3_SOAS_NA"
NA;NA;9;"E4";NA;0;"BEMA";9;4;8;0,01;NA;318,5;289;2621;159;60;634;78;9;2;2;NA;"9_E4_BEMA_NA"
NA;NA;9;"E4";NA;0;"CETE";8;111;18,5;0,01;NA;318,5;289;2627;153;55;639;79;8;0;2;NA;"9_E4_CETE_NA"
NA;NA;9;"E4";NA;0;"SCLA";1;31;17;0,01;NA;318,5;289;2413;367;25;669;86;1;4;0;NA;"9_E4_SCLA_NA"
NA;NA;9;"E5";NA;0;"BEMA";8;4;10;0,01;NA;318,5;290,5;2621;159;46;634;68;8;4;2;NA;"9_E5_BEMA_NA"
NA;NA;9;"E5";NA;0;"CETE";5;111;5;0,01;NA;318,5;290,5;2627;153;55;625;71;5;2;3;NA;"9_E5_CETE_NA"
NA;NA;9;"E5";NA;0;"PUPA";3;23;9,5;0,01;NA;318,5;290,5;2650;130;30;650;73;3;2;0;NA;"9_E5_PUPA_NA"
NA;NA;9;"E5";NA;0;"SCLA";4;31;5;0,01;NA;318,5;290,5;2413;367;62;618;72;4;2;0;NA;"9_E5_SCLA_NA"
NA;NA;9;"E5";NA;0;"SOAS";30;55;24;0,01;NA;318,5;290,5;2166;614;103;577;46;30;2;2;NA;"9_E5_SOAS_NA"
13;2;8;"E3";NA;NA;"BEMA";NA;NA;NA;NA;0;278,5;271,5;7389;311;48;1216;214;19;5;0;0;"8_E3_BEMA_NA"
13;2;9;"C3";NA;NA;"BEMA";NA;NA;NA;NA;0;315,5;287,5;2621;159;29;514;57;8;6;3;0;"9_C3_BEMA_NA"
20;2;7;"C2";NA;NA;"BEMA";NA;NA;NA;NA;0;236,5;289;7298;269;46;1241;201;4;5;0;0;"7_C2_BEMA_NA"
13;2;2;"E2";NA;NA;"CETE";NA;NA;NA;NA;0;39,5;28;3927;449;89;700;73;6;5;0;0;"2_E2_CETE_NA"
26;2;7;"C4";NA;NA;"CETE";NA;NA;NA;NA;0;236,5;292;7147;420;187;1564;140;15;6;2;0;"7_C4_CETE_NA"
26;2;2;"E4";NA;NA;"CETE";NA;NA;NA;NA;0;39,5;31;3927;449;82;738;99;11;3;6;0;"2_E4_CETE_NA"
26;2;2;"B2";NA;NA;"CETE";NA;NA;NA;NA;0;35;28;3927;449;93;808;92;7;3;4;0;"2_B2_CETE_NA"
10;3;2;"D2";NA;NA;"CETE";NA;NA;NA;NA;0;38;28;3927;449;82;717;83;26;7;1;0;"2_D2_CETE_NA"
30;4;2;"E5";NA;NA;"CETE";NA;NA;NA;NA;0;39,5;32,5;3927;449;111;1032;66;7;8;0;0;"2_E5_CETE_NA"
13;2;8;"B4";NA;NA;"CHFU";NA;NA;NA;NA;11;274;273;7142;558;79;1785;190;13;9;0;11;"8_B4_CHFU_NA"
13;2;9;"B3";NA;NA;"CHFU";NA;NA;NA;NA;1;314;287,5;2383;397;45;467;57;1;2;0;1;"9_B3_CHFU_NA"
13;2;9;"C2";NA;NA;"CHFU";NA;NA;NA;NA;1;315,5;286;2383;397;123;424;59;14;6;0;1;"9_C2_CHFU_NA"
13;2;9;"C3";NA;NA;"CHFU";NA;NA;NA;NA;1;315,5;287,5;2383;397;101;442;48;17;3;0;1;"9_C3_CHFU_NA"
13;2;9;"C4";NA;NA;"CHFU";NA;NA;NA;NA;1;315,5;289;2383;397;91;492;63;7;1;0;1;"9_C4_CHFU_NA"
13;2;9;"C5";NA;NA;"CHFU";NA;NA;NA;NA;1;315,5;290,5;2383;397;52;559;73;5;10;0;1;"9_C5_CHFU_NA"
26;2;2;"E2";NA;NA;"CHFU";NA;NA;NA;NA;15;39,5;28;4334;42;2;787;79;0;1;0;15;"2_E2_CHFU_NA"
5;3;3;"B3";NA;NA;"CHFU";NA;NA;NA;NA;3;80;57,5;6726;48;21;1553;158;0;4;0;3;"3_B3_CHFU_NA"
5;3;7;"E4";NA;NA;"CHFU";NA;NA;NA;NA;3;239,5;292;7455;112;2;1591;215;2;5;0;3;"7_E4_CHFU_NA"
5;3;8;"D2";NA;NA;"CHFU";NA;NA;NA;NA;19;277;270;7142;558;104;1702;158;27;3;2;19;"8_D2_CHFU_NA"
30;4;3;"C3";NA;NA;"CHFU";NA;NA;NA;NA;0;81,5;57,5;6726;48;8;1624;104;14;6;1;0;"3_C3_CHFU_NA"
30;4;3;"D4";NA;NA;"CHFU";NA;NA;NA;NA;0;83;59;6726;48;20;1401;230;3;6;0;0;"3_D4_CHFU_NA"
30;4;2;"B2";NA;NA;"CHFU";NA;NA;NA;NA;2;35;28;4334;42;34;867;95;4;3;2;2;"2_B2_CHFU_NA"
30;4;2;"B3";NA;NA;"CHFU";NA;NA;NA;NA;0;35;29,5;4334;42;24;958;106;0;17;0;0;"2_B3_CHFU_NA"
30;4;2;"D4";NA;NA;"CHFU";NA;NA;NA;NA;0;38;31;4334;42;8;838;75;0;9;0;0;"2_D4_CHFU_NA"
30;4;2;"C2";NA;NA;"CHFU";NA;NA;NA;NA;0;36,5;28;4334;42;24;795;109;7;4;0;0;"2_C2_CHFU_NA"
30;4;2;"E3";NA;NA;"CHFU";NA;NA;NA;NA;0;39,5;29,5;4334;42;4;708;83;0;3;0;0;"2_E3_CHFU_NA"
30;4;1;"B4";NA;NA;"CHFU";NA;NA;NA;NA;0;2;5;2704;32;12;492;79;4;4;0;0;"1_B4_CHFU_NA"
30;4;1;"E3";NA;NA;"CHFU";NA;NA;NA;NA;0;6,5;3,5;2704;32;5;612;62;0;4;0;0;"1_E3_CHFU_NA"
30;4;8;"B5";NA;NA;"CHFU";NA;NA;NA;NA;0;274;274,5;7142;558;133;1716;317;8;21;0;0;"8_B5_CHFU_NA"
30;4;8;"B2";NA;NA;"CHFU";NA;NA;NA;NA;0;274;270;7142;558;139;1494;212;12;5;1;0;"8_B2_CHFU_NA"
30;4;8;"C2";NA;NA;"CHFU";NA;NA;NA;NA;0;275,5;270;7142;558;96;1548;243;18;5;3;0;"8_C2_CHFU_NA"
30;4;8;"C3";NA;NA;"CHFU";NA;NA;NA;NA;0;275,5;271,5;7142;558;94;1539;124;4;8;2;0;"8_C3_CHFU_NA"
30;4;8;"C4";NA;NA;"CHFU";NA;NA;NA;NA;0;275,5;273;7142;558;71;1633;231;3;9;0;0;"8_C4_CHFU_NA"
30;4;8;"C5";NA;NA;"CHFU";NA;NA;NA;NA;0;275,5;274,5;7142;558;109;1582;218;11;4;2;0;"8_C5_CHFU_NA"
30;4;8;"D5";NA;NA;"CHFU";NA;NA;NA;NA;0;277;274,5;7142;558;114;1638;279;14;12;0;0;"8_D5_CHFU_NA"
30;4;8;"D4";NA;NA;"CHFU";NA;NA;NA;NA;0;277;273;7142;558;78;1679;114;12;11;0;0;"8_D4_CHFU_NA"
30;4;8;"D3";NA;NA;"CHFU";NA;NA;NA;NA;0;277;271,5;7142;558;99;1446;210;5;14;0;0;"8_D3_CHFU_NA"
30;4;8;"E3";NA;NA;"CHFU";NA;NA;NA;NA;0;278,5;271,5;7142;558;114;1150;216;17;3;0;0;"8_E3_CHFU_NA"
30;4;9;"B2";NA;NA;"CHFU";NA;NA;NA;NA;0;314;286;2383;397;70;429;52;4;5;0;0;"9_B2_CHFU_NA"
30;4;9;"D5";NA;NA;"CHFU";NA;NA;NA;NA;0;317;290,5;2383;397;80;536;74;10;1;0;0;"9_D5_CHFU_NA"
30;4;9;"D3";NA;NA;"CHFU";NA;NA;NA;NA;19;317;287,5;2383;397;121;473;47;35;0;0;19;"9_D3_CHFU_NA"
30;4;9;"D2";NA;NA;"CHFU";NA;NA;NA;NA;0;317;286;2383;397;162;497;53;19;2;0;0;"9_D2_CHFU_NA"
30;4;9;"E2";NA;NA;"CHFU";NA;NA;NA;NA;17;318,5;286;2383;397;167;549;89;4;3;2;17;"9_E2_CHFU_NA"
30;4;9;"E3";NA;NA;"CHFU";NA;NA;NA;NA;5;318,5;287,5;2383;397;143;523;54;23;2;3;5;"9_E3_CHFU_NA"
30;4;9;"E4";NA;NA;"CHFU";NA;NA;NA;NA;0;318,5;289;2383;397;148;546;70;17;3;1;0;"9_E4_CHFU_NA"
30;4;9;"E5";NA;NA;"CHFU";NA;NA;NA;NA;2;318,5;290,5;2383;397;117;563;63;13;3;0;2;"9_E5_CHFU_NA"
10;3;9;"B4";NA;NA;"CHMI";NA;NA;NA;NA;0;314;289;2759;21;6;530;74;1;1;0;0;"9_B4_CHMI_NA"
13;2;1;"E5";NA;NA;"LEMA";NA;NA;NA;NA;0;6,5;6,5;867;1869;467;177;22;71;1;3;0;"1_E5_LEMA_NA"
13;2;1;"C5";NA;NA;"LEMA";NA;NA;NA;NA;0;3,5;6,5;867;1869;441;104;15;80;1;2;0;"1_C5_LEMA_NA"
13;2;2;"E2";NA;NA;"LEMA";NA;NA;NA;NA;0;39,5;28;1545;2831;542;247;18;61;1;0;0;"2_E2_LEMA_NA"
13;2;2;"E3";NA;NA;"LEMA";NA;NA;NA;NA;0;39,5;29,5;1545;2831;494;218;37;46;1;1;0;"2_E3_LEMA_NA"
13;2;2;"D4";NA;NA;"LEMA";NA;NA;NA;NA;0;38;31;1545;2831;553;293;22;53;3;5;0;"2_D4_LEMA_NA"
13;2;2;"D5";NA;NA;"LEMA";NA;NA;NA;NA;0;38;32,5;1545;2831;668;441;48;53;4;4;0;"2_D5_LEMA_NA"
13;2;8;"B5";NA;NA;"LEMA";NA;NA;NA;NA;0;274;274,5;6812;888;169;1680;318;7;17;0;0;"8_B5_LEMA_NA"
13;2;8;"B4";NA;NA;"LEMA";NA;NA;NA;NA;0;274;273;6812;888;222;1642;172;31;5;0;0;"8_B4_LEMA_NA"
13;2;8;"B3";NA;NA;"LEMA";NA;NA;NA;NA;0;274;271,5;6812;888;233;1387;113;72;4;0;0;"8_B3_LEMA_NA"
13;2;8;"B2";NA;NA;"LEMA";NA;NA;NA;NA;0;274;270;6812;888;228;1405;184;40;3;2;0;"8_B2_LEMA_NA"
13;2;8;"C2";NA;NA;"LEMA";NA;NA;NA;NA;0;275,5;270;6812;888;290;1354;230;31;8;0;0;"8_C2_LEMA_NA"
13;2;8;"C3";NA;NA;"LEMA";NA;NA;NA;NA;0;275,5;271,5;6812;888;299;1334;104;24;3;0;0;"8_C3_LEMA_NA"
13;2;8;"C4";NA;NA;"LEMA";NA;NA;NA;NA;0;275,5;273;6812;888;218;1486;192;42;5;5;0;"8_C4_LEMA_NA"
13;2;8;"C5";NA;NA;"LEMA";NA;NA;NA;NA;0;275,5;274,5;6812;888;174;1517;215;14;8;0;0;"8_C5_LEMA_NA"
13;2;8;"D5";NA;NA;"LEMA";NA;NA;NA;NA;0;277;274,5;6812;888;182;1570;268;25;11;0;0;"8_D5_LEMA_NA"
13;2;8;"D4";NA;NA;"LEMA";NA;NA;NA;NA;0;277;273;6812;888;191;1566;105;21;6;0;0;"8_D4_LEMA_NA"
13;2;8;"D2";NA;NA;"LEMA";NA;NA;NA;NA;0;277;270;6812;888;235;1571;147;38;1;2;0;"8_D2_LEMA_NA"
13;2;8;"E3";NA;NA;"LEMA";NA;NA;NA;NA;0;278,5;271,5;6812;888;165;1099;214;19;7;0;0;"8_E3_LEMA_NA"
13;2;8;"E4";NA;NA;"LEMA";NA;NA;NA;NA;0;278,5;273;6812;888;143;1382;180;26;4;2;0;"8_E4_LEMA_NA"
13;2;8;"E5";NA;NA;"LEMA";NA;NA;NA;NA;0;278,5;274,5;6812;888;177;1449;202;17;7;0;0;"8_E5_LEMA_NA"
13;2;9;"B3";NA;NA;"LEMA";NA;NA;NA;NA;0;314;287,5;2551;229;64;448;52;6;0;0;0;"9_B3_LEMA_NA"
13;2;9;"C2";NA;NA;"LEMA";NA;NA;NA;NA;0;315,5;286;2551;229;66;481;56;17;3;0;0;"9_C2_LEMA_NA"
13;2;9;"C3";NA;NA;"LEMA";NA;NA;NA;NA;0;315,5;287,5;2551;229;80;463;58;7;5;0;0;"9_C3_LEMA_NA"
13;2;9;"C4";NA;NA;"LEMA";NA;NA;NA;NA;0;315,5;289;2551;229;58;525;58;12;1;0;0;"9_C4_LEMA_NA"
13;2;9;"D3";NA;NA;"LEMA";NA;NA;NA;NA;0;317;287,5;2551;229;68;526;78;4;4;0;0;"9_D3_LEMA_NA"
13;2;9;"D2";NA;NA;"LEMA";NA;NA;NA;NA;0;317;286;2551;229;59;600;63;9;4;0;0;"9_D2_LEMA_NA"
13;2;9;"E2";NA;NA;"LEMA";NA;NA;NA;NA;0;318,5;286;2551;229;39;677;93;0;5;0;0;"9_E2_LEMA_NA"
13;2;9;"E3";NA;NA;"LEMA";NA;NA;NA;NA;0;318,5;287,5;2551;229;33;633;74;3;3;0;0;"9_E3_LEMA_NA"
13;2;9;"E4";NA;NA;"LEMA";NA;NA;NA;NA;0;318,5;289;2551;229;31;663;80;7;0;0;0;"9_E4_LEMA_NA"
13;2;9;"E5";NA;NA;"LEMA";NA;NA;NA;NA;0;318,5;290,5;2551;229;57;623;73;3;2;0;0;"9_E5_LEMA_NA"
20;2;9;"B2";NA;NA;"LEMA";NA;NA;NA;NA;0;314;286;2551;229;55;444;46;10;4;0;0;"9_B2_LEMA_NA"
20;2;7;"C2";NA;NA;"LEMA";NA;NA;NA;NA;0;236,5;289;6322;1245;207;1080;177;28;4;2;0;"7_C2_LEMA_NA"
20;2;7;"E4";NA;NA;"LEMA";NA;NA;NA;NA;0;239,5;292;6322;1245;358;1235;165;52;3;1;0;"7_E4_LEMA_NA"
20;2;7;"B5";NA;NA;"LEMA";NA;NA;NA;NA;0;235;293,5;6322;1245;347;1452;326;7;1;3;0;"7_B5_LEMA_NA"
20;2;5;"B5";NA;NA;"LEMA";NA;NA;NA;NA;0;124;158,5;2657;294;50;620;69;3;5;0;0;"5_B5_LEMA_NA"
20;2;3;"B3";NA;NA;"LEMA";NA;NA;NA;NA;0;80;57,5;5887;887;122;1452;148;10;3;0;0;"3_B3_LEMA_NA"
20;2;3;"B2";NA;NA;"LEMA";NA;NA;NA;NA;0;80;56;5887;887;82;1481;195;8;9;1;0;"3_B2_LEMA_NA"
20;2;3;"C2";NA;NA;"LEMA";NA;NA;NA;NA;0;81,5;56;5887;887;67;1473;145;14;5;1;0;"3_C2_LEMA_NA"
20;2;3;"C3";NA;NA;"LEMA";NA;NA;NA;NA;0;81,5;57,5;5887;887;102;1530;107;11;3;0;0;"3_C3_LEMA_NA"
20;2;3;"C4";NA;NA;"LEMA";NA;NA;NA;NA;0;81,5;59;5887;887;176;1280;232;10;8;0;0;"3_C4_LEMA_NA"
20;2;3;"D3";NA;NA;"LEMA";NA;NA;NA;NA;0;83;57,5;5887;887;139;1418;225;10;7;0;0;"3_D3_LEMA_NA"
20;2;3;"D2";NA;NA;"LEMA";NA;NA;NA;NA;0;83;56;5887;887;90;1429;201;8;1;0;0;"3_D2_LEMA_NA"
20;2;3;"E2";NA;NA;"LEMA";NA;NA;NA;NA;0;84,5;56;5887;887;118;1427;217;9;1;0;0;"3_E2_LEMA_NA"
20;2;3;"E3";NA;NA;"LEMA";NA;NA;NA;NA;0;84,5;57,5;5887;887;196;1379;155;26;0;1;0;"3_E3_LEMA_NA"
20;2;3;"E5";NA;NA;"LEMA";NA;NA;NA;NA;0;84,5;60,5;5887;887;383;956;133;53;11;1;0;"3_E5_LEMA_NA"
20;2;1;"B4";NA;NA;"LEMA";NA;NA;NA;NA;0;2;5;867;1869;378;126;20;63;0;3;0;"1_B4_LEMA_NA"
20;2;1;"C3";NA;NA;"LEMA";NA;NA;NA;NA;0;3,5;3,5;867;1869;431;132;12;51;0;3;0;"1_C3_LEMA_NA"
20;2;1;"D2";NA;NA;"LEMA";NA;NA;NA;NA;0;5;2;867;1869;466;143;15;57;0;0;0;"1_D2_LEMA_NA"
20;2;1;"E3";NA;NA;"LEMA";NA;NA;NA;NA;0;6,5;3,5;867;1869;431;186;16;46;2;2;0;"1_E3_LEMA_NA"
26;2;9;"D5";NA;NA;"LEMA";NA;NA;NA;NA;0;317;290,5;2551;229;70;546;76;8;1;0;0;"9_D5_LEMA_NA"
26;2;7;"B4";NA;NA;"LEMA";NA;NA;NA;NA;0;235;292;6322;1245;285;1667;250;42;2;3;0;"7_B4_LEMA_NA"
26;2;7;"B3";NA;NA;"LEMA";NA;NA;NA;NA;0;235;290,5;6322;1245;293;1577;175;20;5;3;0;"7_B3_LEMA_NA"
26;2;7;"B2";NA;NA;"LEMA";NA;NA;NA;NA;0;235;289;6322;1245;252;1436;112;28;2;3;0;"7_B2_LEMA_NA"
26;2;7;"D4";NA;NA;"LEMA";NA;NA;NA;NA;0;238;292;6322;1245;348;1113;191;55;1;5;0;"7_D4_LEMA_NA"
26;2;7;"D5";NA;NA;"LEMA";NA;NA;NA;NA;0;238;293,5;6322;1245;333;1145;117;72;13;0;0;"7_D5_LEMA_NA"
26;2;7;"C3";NA;NA;"LEMA";NA;NA;NA;NA;0;236,5;290,5;6322;1245;265;1305;122;24;5;2;0;"7_C3_LEMA_NA"
26;2;7;"C4";NA;NA;"LEMA";NA;NA;NA;NA;0;236,5;292;6322;1245;308;1443;119;36;4;5;0;"7_C4_LEMA_NA"
26;2;7;"E5";NA;NA;"LEMA";NA;NA;NA;NA;0;239,5;293,5;6322;1245;363;1385;177;52;0;4;0;"7_E5_LEMA_NA"
26;2;5;"C2";NA;NA;"LEMA";NA;NA;NA;NA;0;125,5;154;2657;294;49;564;71;9;15;0;0;"5_C2_LEMA_NA"
26;2;5;"D5";NA;NA;"LEMA";NA;NA;NA;NA;0;127;158,5;2657;294;67;556;30;9;8;0;0;"5_D5_LEMA_NA"
26;2;3;"D5";NA;NA;"LEMA";NA;NA;NA;NA;0;83;60,5;5887;887;293;1273;96;36;4;2;0;"3_D5_LEMA_NA"
26;2;2;"B4";NA;NA;"LEMA";NA;NA;NA;NA;0;35;31;1545;2831;709;344;30;93;8;1;0;"2_B4_LEMA_NA"
26;2;2;"E4";NA;NA;"LEMA";NA;NA;NA;NA;0;39,5;31;1545;2831;545;275;33;77;11;0;0;"2_E4_LEMA_NA"
26;2;2;"B2";NA;NA;"LEMA";NA;NA;NA;NA;0;35;28;1545;2831;529;372;25;74;0;6;0;"2_B2_LEMA_NA"
26;2;2;"C3";NA;NA;"LEMA";NA;NA;NA;NA;0;36,5;29,5;1545;2831;554;311;30;50;0;2;0;"2_C3_LEMA_NA"
5;3;3;"C5";NA;NA;"LEMA";NA;NA;NA;NA;0;81,5;60,5;5887;887;235;1408;99;39;4;1;0;"3_C5_LEMA_NA"
5;3;3;"E4";NA;NA;"LEMA";NA;NA;NA;NA;0;84,5;59;5887;887;314;1113;152;37;4;2;0;"3_E4_LEMA_NA"
30;4;3;"B5";NA;NA;"LEMA";NA;NA;NA;NA;8;80;60,5;5887;887;206;1257;221;28;9;0;8;"3_B5_LEMA_NA"
30;4;5;"B4";NA;NA;"LEMA";NA;NA;NA;NA;7;124;157;2657;294;46;592;45;12;7;0;7;"5_B4_LEMA_NA"
30;4;5;"C4";NA;NA;"LEMA";NA;NA;NA;NA;6;125,5;157;2657;294;57;442;59;8;5;0;6;"5_C4_LEMA_NA"
30;4;5;"C5";NA;NA;"LEMA";NA;NA;NA;NA;8;125,5;158,5;2657;294;53;522;48;6;6;0;8;"5_C5_LEMA_NA"
30;4;2;"B3";NA;NA;"LEMA";NA;NA;NA;NA;17;35;29,5;1545;2831;647;335;41;65;6;0;17;"2_B3_LEMA_NA"
30;4;2;"B5";NA;NA;"LEMA";NA;NA;NA;NA;22;35;32,5;1545;2831;794;372;46;80;0;2;22;"2_B5_LEMA_NA"
30;4;2;"C5";NA;NA;"LEMA";NA;NA;NA;NA;20;36,5;32,5;1545;2831;643;419;37;125;1;2;20;"2_C5_LEMA_NA"
30;4;2;"C4";NA;NA;"LEMA";NA;NA;NA;NA;15;36,5;31;1545;2831;566;284;46;114;10;1;15;"2_C4_LEMA_NA"
30;4;2;"D3";NA;NA;"LEMA";NA;NA;NA;NA;32;38;29,5;1545;2831;509;303;30;47;0;5;32;"2_D3_LEMA_NA"
30;4;2;"C2";NA;NA;"LEMA";NA;NA;NA;NA;28;36,5;28;1545;2831;527;292;61;55;7;1;28;"2_C2_LEMA_NA"
30;4;2;"D2";NA;NA;"LEMA";NA;NA;NA;NA;16;38;28;1545;2831;501;298;56;53;1;2;16;"2_D2_LEMA_NA"
30;4;2;"E5";NA;NA;"LEMA";NA;NA;NA;NA;17;39,5;32,5;1545;2831;710;433;32;41;8;0;17;"2_E5_LEMA_NA"
30;4;1;"B5";NA;NA;"LEMA";NA;NA;NA;NA;50;2;6,5;867;1869;393;130;8;43;0;3;50;"1_B5_LEMA_NA"
30;4;1;"B2";NA;NA;"LEMA";NA;NA;NA;NA;25;2;2;867;1869;379;234;18;39;0;2;25;"1_B2_LEMA_NA"
30;4;1;"C2";NA;NA;"LEMA";NA;NA;NA;NA;37;3,5;2;867;1869;465;108;40;32;0;0;37;"1_C2_LEMA_NA"
30;4;1;"C4";NA;NA;"LEMA";NA;NA;NA;NA;25;3,5;5;867;1869;475;101;10;64;0;3;25;"1_C4_LEMA_NA"
30;4;1;"D5";NA;NA;"LEMA";NA;NA;NA;NA;40;5;6,5;867;1869;496;145;17;62;1;3;40;"1_D5_LEMA_NA"
30;4;1;"D4";NA;NA;"LEMA";NA;NA;NA;NA;40;5;5;867;1869;499;127;5;45;1;2;40;"1_D4_LEMA_NA"
30;4;1;"D3";NA;NA;"LEMA";NA;NA;NA;NA;27;5;3,5;867;1869;401;134;12;76;0;3;27;"1_D3_LEMA_NA"
30;4;1;"E2";NA;NA;"LEMA";NA;NA;NA;NA;35;6,5;2;867;1869;420;265;13;57;1;2;35;"1_E2_LEMA_NA"
30;4;1;"E4";NA;NA;"LEMA";NA;NA;NA;NA;30;6,5;5;867;1869;465;157;23;49;5;0;30;"1_E4_LEMA_NA"
30;4;7;"C5";NA;NA;"LEMA";NA;NA;NA;NA;13;236,5;293,5;6322;1245;298;1428;106;48;5;3;13;"7_C5_LEMA_NA"
30;4;7;"E2";NA;NA;"LEMA";NA;NA;NA;NA;7;239,5;289;6322;1245;164;1248;186;32;7;1;7;"7_E2_LEMA_NA"
30;4;9;"B4";NA;NA;"LEMA";NA;NA;NA;NA;7;314;289;2551;229;44;492;66;9;4;0;7;"9_B4_LEMA_NA"
13;2;9;"C3";NA;NA;"SCLA";NA;NA;NA;NA;0;315,5;287,5;2413;367;82;461;59;6;2;2;0;"9_C3_SCLA_NA"
13;2;8;"B4";NA;NA;"MESU";NA;NA;NA;NA;0;274;273;7339;361;84;1780;191;12;3;0;0;"8_B4_MESU_NA"
13;2;8;"B5";NA;NA;"PUPA";NA;NA;NA;NA;0;274;274,5;6797;903;268;1581;317;8;0;3;0;"8_B5_PUPA_NA"
13;2;8;"B4";NA;NA;"PUPA";NA;NA;NA;NA;0;274;273;6797;903;225;1639;184;19;0;1;0;"8_B4_PUPA_NA"
13;2;8;"B2";NA;NA;"PUPA";NA;NA;NA;NA;0;274;270;6797;903;93;1540;212;12;1;0;0;"8_B2_PUPA_NA"
13;2;8;"D5";NA;NA;"PUPA";NA;NA;NA;NA;0;277;274,5;6797;903;410;1342;251;42;2;0;0;"8_D5_PUPA_NA"
13;2;8;"D2";NA;NA;"PUPA";NA;NA;NA;NA;0;277;270;6797;903;160;1646;169;16;2;2;0;"8_D2_PUPA_NA"
13;2;8;"E2";NA;NA;"PUPA";NA;NA;NA;NA;0;278,5;270;6797;903;123;1529;148;24;6;3;0;"8_E2_PUPA_NA"
13;2;8;"E3";NA;NA;"PUPA";NA;NA;NA;NA;0;278,5;271,5;6797;903;168;1096;196;37;5;4;0;"8_E3_PUPA_NA"
13;2;8;"E5";NA;NA;"PUPA";NA;NA;NA;NA;0;278,5;274,5;6797;903;314;1312;158;61;0;1;0;"8_E5_PUPA_NA"
20;2;3;"B4";NA;NA;"PUPA";NA;NA;NA;NA;0;80;59;6684;90;34;1380;188;5;6;0;0;"3_B4_PUPA_NA"
20;2;3;"D4";NA;NA;"PUPA";NA;NA;NA;NA;0;83;59;6684;90;18;1403;230;3;11;0;0;"3_D4_PUPA_NA"
20;2;3;"E2";NA;NA;"PUPA";NA;NA;NA;NA;0;84,5;56;6684;90;5;1540;220;6;13;0;0;"3_E2_PUPA_NA"
26;2;9;"D5";NA;NA;"PUPA";NA;NA;NA;NA;0;317;290,5;2650;130;16;600;77;7;8;0;0;"9_D5_PUPA_NA"
26;2;3;"D5";NA;NA;"PUPA";NA;NA;NA;NA;0;83;60,5;6684;90;21;1545;123;9;15;4;0;"3_D5_PUPA_NA"
10;3;2;"C2";NA;NA;"PUPA";NA;NA;NA;NA;0;36,5;28;4326;50;8;811;116;0;6;0;0;"2_C2_PUPA_NA"
10;3;1;"C2";NA;NA;"PUPA";NA;NA;NA;NA;0;3,5;2;2722;14;0;573;72;0;2;0;0;"1_C2_PUPA_NA"
10;3;3;"B5";NA;NA;"PUPA";NA;NA;NA;NA;0;80;60,5;6684;90;31;1432;240;9;6;1;0;"3_B5_PUPA_NA"
30;4;2;"C5";NA;NA;"PUPA";NA;NA;NA;NA;0;36,5;32,5;4326;50;7;1055;156;6;5;5;0;"2_C5_PUPA_NA"
